cluster_id,user_id,sport,eligibility_basis,reason_basis,affected_local_dates,keep_workout_id,keep_uuid,keep_source_bundle_id,remove_workout_ids,remove_uuids,remove_source_bundle_ids
cluster-0001,c3a75670-7ea9-4ff3-b2b1-66472744fabd,bike,metadata_completeness,baseline_auto_cleanup_rule,"[""2018-06-22""]",489,ab190813-1b0c-46f1-95d0-074792d3ace1,com.strava.stravaride,[488],"[""1ee00c00-3334-412d-aef6-b8bb1624b267""]","[""com.strava.stravaride""]"
cluster-0002,c3a75670-7ea9-4ff3-b2b1-66472744fabd,bike,lowest_id_tiebreaker,baseline_auto_cleanup_rule,"[""2019-11-30""]",827,0d0e998d-517f-4522-ae31-0900d4f967dd,com.strava.stravaride,[828],"[""5472ee21-501c-49cd-86c2-780667d406b0""]","[""com.strava.stravaride""]"
cluster-0010,c3a75670-7ea9-4ff3-b2b1-66472744fabd,bike,source_precedence_policy,source_precedence_policy,"[""2020-10-29""]",1068,d35532ff-b25f-448a-9c05-01496d48a778,com.garmin.connect.mobile,[1069],"[""b96f9993-a58f-42f8-a164-8176f159b941""]","[""com.strava.stravaride""]"
cluster-0011,c3a75670-7ea9-4ff3-b2b1-66472744fabd,bike,source_precedence_policy,source_precedence_policy,"[""2020-10-30""]",1072,85029818-af43-4043-bda7-bfa21b15e7e4,com.garmin.connect.mobile,[1073],"[""ec70e39e-cbf7-44aa-ace1-898355c95ee1""]","[""com.strava.stravaride""]"
cluster-0012,c3a75670-7ea9-4ff3-b2b1-66472744fabd,bike,source_precedence_policy,source_precedence_policy,"[""2020-10-30""]",1074,7b06ee1d-bd28-4ea7-85a3-00a27612691f,com.garmin.connect.mobile,[1075],"[""89523358-cc75-418c-aa21-8e3398024acd""]","[""com.strava.stravaride""]"
cluster-0013,c3a75670-7ea9-4ff3-b2b1-66472744fabd,bike,source_precedence_policy,source_precedence_policy,"[""2020-10-31""]",1076,37399fbd-5aae-4142-af82-c8fd2a91e645,com.garmin.connect.mobile,[1077],"[""14486b9d-53c5-48fb-b0f7-7cd7dc38ebd2""]","[""com.strava.stravaride""]"
cluster-0015,c3a75670-7ea9-4ff3-b2b1-66472744fabd,bike,source_precedence_policy,source_precedence_policy,"[""2020-11-05""]",1082,2e531a17-a80d-452a-91dc-b58c90a54ffc,com.garmin.connect.mobile,[1083],"[""d557bcef-e377-4901-86e3-facf06e26232""]","[""com.strava.stravaride""]"
cluster-0016,c3a75670-7ea9-4ff3-b2b1-66472744fabd,bike,source_precedence_policy,source_precedence_policy,"[""2020-11-10""]",1088,c42b2342-5ca1-4620-a91e-923dbd0b1ef8,com.garmin.connect.mobile,[1089],"[""2b2b5251-c2f0-4cc1-8750-5be5dfe6aeb3""]","[""com.strava.stravaride""]"
cluster-0017,c3a75670-7ea9-4ff3-b2b1-66472744fabd,bike,source_precedence_policy,source_precedence_policy,"[""2020-11-12""]",1090,a0f6b037-61ff-4c7f-9e86-42dd38d1da8e,com.garmin.connect.mobile,[1091],"[""46ad9583-cbb5-41dc-b049-98659d0144de""]","[""com.strava.stravaride""]"
cluster-0018,c3a75670-7ea9-4ff3-b2b1-66472744fabd,bike,source_precedence_policy,source_precedence_policy,"[""2020-11-12""]",1092,a0031616-bd71-4c38-9803-dbf8004d3157,com.garmin.connect.mobile,[1093],"[""27f223e5-03cb-473c-a2c8-6e6c5403fcaa""]","[""com.strava.stravaride""]"
cluster-0019,c3a75670-7ea9-4ff3-b2b1-66472744fabd,bike,source_precedence_policy,source_precedence_policy,"[""2020-11-14""]",1096,60b193c0-9b04-4885-bcb0-bdc351a70c49,com.garmin.connect.mobile,[1097],"[""c72caf7f-c7d8-4513-987e-4f84edff6166""]","[""com.strava.stravaride""]"
cluster-0022,c3a75670-7ea9-4ff3-b2b1-66472744fabd,bike,source_precedence_policy,source_precedence_policy,"[""2021-01-05""]",1169,95779c33-8189-4938-b893-d7c9324fc5d7,com.garmin.connect.mobile,[1170],"[""2b0c4a69-c157-418d-9bcb-d0a507496304""]","[""com.strava.stravaride""]"
cluster-0023,c3a75670-7ea9-4ff3-b2b1-66472744fabd,bike,source_precedence_policy,source_precedence_policy,"[""2021-01-05""]",1171,42896cdf-4f03-4789-b418-5dad040289e9,com.garmin.connect.mobile,[1172],"[""e5826674-2fd8-4c4d-8f3f-c87fc141c2c7""]","[""com.strava.stravaride""]"
cluster-0027,c3a75670-7ea9-4ff3-b2b1-66472744fabd,bike,source_precedence_policy,source_precedence_policy,"[""2021-01-14""]",1196,60956ad1-575d-4485-8ac8-b55f2b858829,com.garmin.connect.mobile,[1197],"[""50810817-b7c4-40d7-b82a-269f13e02c23""]","[""com.strava.stravaride""]"
cluster-0028,c3a75670-7ea9-4ff3-b2b1-66472744fabd,bike,source_precedence_policy,source_precedence_policy,"[""2021-01-18""]",1204,51424a00-6adb-4cfd-abba-1b31d8569ea5,com.garmin.connect.mobile,[1205],"[""7290a9c6-1ac9-4d4e-98da-6a7ee7923549""]","[""com.strava.stravaride""]"
cluster-0029,c3a75670-7ea9-4ff3-b2b1-66472744fabd,bike,source_precedence_policy,source_precedence_policy,"[""2021-01-18""]",1206,8ceb8f81-cddd-4f0b-9f77-7068fdff3b61,com.garmin.connect.mobile,[1207],"[""1518793b-f0b5-4107-b2ea-8b1ccdaa3a36""]","[""com.strava.stravaride""]"
cluster-0030,c3a75670-7ea9-4ff3-b2b1-66472744fabd,bike,source_precedence_policy,source_precedence_policy,"[""2021-01-19""]",1208,46525b76-cd0b-40fe-a8fe-681d59e562e8,com.garmin.connect.mobile,[1209],"[""a9e15265-8056-4ea1-8566-02ff76de7fcb""]","[""com.strava.stravaride""]"
cluster-0031,c3a75670-7ea9-4ff3-b2b1-66472744fabd,bike,source_precedence_policy,source_precedence_policy,"[""2021-01-21""]",1212,43ef2193-b3f0-4c32-904a-753c4642af49,com.garmin.connect.mobile,[1213],"[""585d1f0a-05af-4980-8d2e-98f22b1d4095""]","[""com.strava.stravaride""]"
cluster-0032,c3a75670-7ea9-4ff3-b2b1-66472744fabd,bike,source_precedence_policy,source_precedence_policy,"[""2021-01-21""]",1214,4d6efda9-38dd-4826-9349-676d290c9f7a,com.garmin.connect.mobile,[1215],"[""52c943ac-00e0-458d-96e6-dd87c0e8af99""]","[""com.strava.stravaride""]"
cluster-0033,c3a75670-7ea9-4ff3-b2b1-66472744fabd,bike,source_precedence_policy,source_precedence_policy,"[""2021-01-21""]",1216,626c26eb-c343-4471-ac78-627345baa902,com.garmin.connect.mobile,[1217],"[""a61086ad-d3b6-4523-ab24-ace0839d08e5""]","[""com.strava.stravaride""]"
cluster-0040,c3a75670-7ea9-4ff3-b2b1-66472744fabd,bike,source_precedence_policy,source_precedence_policy,"[""2021-02-09""]",1248,f2fbbfd6-678a-4b7f-a60a-3924cfbd82c1,com.garmin.connect.mobile,[1249],"[""b330bdf1-fb8c-4363-a078-f964aafc01f4""]","[""com.strava.stravaride""]"
cluster-0041,c3a75670-7ea9-4ff3-b2b1-66472744fabd,bike,source_precedence_policy,source_precedence_policy,"[""2021-02-09""]",1250,b47d831e-d565-42ff-9cc4-645d0710f5d6,com.garmin.connect.mobile,[1251],"[""97ee23d0-9951-42ca-a9f0-58f6fbbc2f8d""]","[""com.strava.stravaride""]"
cluster-0060,c3a75670-7ea9-4ff3-b2b1-66472744fabd,bike,source_precedence_policy,source_precedence_policy,"[""2021-03-29""]",1381,8d5e6876-0f02-4ed7-83d2-6b8ab6c2d07d,com.garmin.connect.mobile,[1382],"[""70822839-bbe6-4772-bfbe-f464b8ff08e3""]","[""com.strava.stravaride""]"
cluster-0061,c3a75670-7ea9-4ff3-b2b1-66472744fabd,bike,source_precedence_policy,source_precedence_policy,"[""2021-05-10""]",1444,1872c088-0374-4b06-b3eb-b5bb12f6d09f,com.garmin.connect.mobile,[1445],"[""68d5b589-d5d5-4f2d-b255-00620d93718d""]","[""com.strava.stravaride""]"
cluster-0062,c3a75670-7ea9-4ff3-b2b1-66472744fabd,bike,source_precedence_policy,source_precedence_policy,"[""2021-05-17""]",1452,3381356d-1906-463b-bf41-5fc397872fce,com.garmin.connect.mobile,[1453],"[""e6da5b3f-0176-4b98-9fb1-389f7a82ca60""]","[""com.strava.stravaride""]"
cluster-0063,c3a75670-7ea9-4ff3-b2b1-66472744fabd,bike,source_precedence_policy,source_precedence_policy,"[""2021-05-17""]",1455,bd11a16a-4299-47f3-9155-48888c204047,com.garmin.connect.mobile,[1454],"[""0ebf121c-2f71-44f6-87c2-d72948320cb7""]","[""com.strava.stravaride""]"
cluster-0067,c3a75670-7ea9-4ff3-b2b1-66472744fabd,bike,source_precedence_policy,source_precedence_policy,"[""2021-05-28""]",1481,b3f2f4a5-4847-4a3c-b29e-51d6bad74e64,com.garmin.connect.mobile,[1482],"[""ab890077-2c3d-4e16-920e-c891def35305""]","[""com.strava.stravaride""]"
cluster-0068,c3a75670-7ea9-4ff3-b2b1-66472744fabd,bike,source_precedence_policy,source_precedence_policy,"[""2021-05-28""]",1484,d32f5766-2fc2-4f48-aa1d-ebadf7adeee3,com.garmin.connect.mobile,[1483],"[""6a38d594-393c-4491-baca-d9d6ecac51e9""]","[""com.strava.stravaride""]"
cluster-0070,c3a75670-7ea9-4ff3-b2b1-66472744fabd,bike,source_precedence_policy,source_precedence_policy,"[""2021-05-30""]",1488,8932331c-5cb2-41b2-b594-244d5de615a0,com.garmin.connect.mobile,[1489],"[""f5e19b62-8134-4a19-9ca6-fcaa385f95ec""]","[""com.strava.stravaride""]"
cluster-0072,c3a75670-7ea9-4ff3-b2b1-66472744fabd,bike,source_precedence_policy,source_precedence_policy,"[""2021-05-31""]",1494,701de0b8-5aba-47f1-b76b-d9d959e911e6,com.garmin.connect.mobile,[1495],"[""bcd5f80d-9764-4dab-aaaa-36e170fb278a""]","[""com.strava.stravaride""]"
cluster-0073,c3a75670-7ea9-4ff3-b2b1-66472744fabd,bike,source_precedence_policy,source_precedence_policy,"[""2021-05-31""]",1496,7d2f9c19-af4f-4122-ba9d-866de59fdc96,com.garmin.connect.mobile,[1497],"[""b5e16d35-4c94-4d58-b5c6-d79cb35fdfea""]","[""com.strava.stravaride""]"
cluster-0074,c3a75670-7ea9-4ff3-b2b1-66472744fabd,bike,source_precedence_policy,source_precedence_policy,"[""2021-06-07""]",1502,43d9e232-7097-475f-b989-58259c03273d,com.garmin.connect.mobile,[1503],"[""482823c1-5a9e-41c4-9210-3450406cd875""]","[""com.strava.stravaride""]"
cluster-0075,c3a75670-7ea9-4ff3-b2b1-66472744fabd,bike,source_precedence_policy,source_precedence_policy,"[""2021-06-21""]",1526,6989a061-17c0-495c-9699-2fc813873520,com.garmin.connect.mobile,[1527],"[""663f017c-065c-40e9-a851-126a6378c1af""]","[""com.strava.stravaride""]"
cluster-0076,c3a75670-7ea9-4ff3-b2b1-66472744fabd,bike,source_precedence_policy,source_precedence_policy,"[""2021-07-08""]",1549,20294496-dbff-43da-9534-08dd56b8ecd6,com.garmin.connect.mobile,[1548],"[""1737703d-dc8f-4137-af2f-994c86981cbc""]","[""com.strava.stravaride""]"
cluster-0078,c3a75670-7ea9-4ff3-b2b1-66472744fabd,bike,source_precedence_policy,source_precedence_policy,"[""2021-07-17""]",1574,92c39c21-a252-4e6e-9d1e-ded76bc65970,com.garmin.connect.mobile,[1575],"[""80630955-e0fc-4f3c-924a-8800edd7fe7e""]","[""com.strava.stravaride""]"
cluster-0079,c3a75670-7ea9-4ff3-b2b1-66472744fabd,bike,source_precedence_policy,source_precedence_policy,"[""2021-07-23""]",1579,07c297f7-6dd7-4f67-8579-b27b39ab6de1,com.garmin.connect.mobile,[1580],"[""8b1f7fb6-6739-4336-946c-304569ebedf0""]","[""com.strava.stravaride""]"
cluster-0080,c3a75670-7ea9-4ff3-b2b1-66472744fabd,bike,source_precedence_policy,source_precedence_policy,"[""2021-08-11""]",1602,df3a4e4b-7243-45d9-b274-c928edc8109f,com.garmin.connect.mobile,[1603],"[""0bf2d835-762f-4ab6-b58a-90d184614e53""]","[""com.strava.stravaride""]"
cluster-0081,c3a75670-7ea9-4ff3-b2b1-66472744fabd,bike,source_precedence_policy,source_precedence_policy,"[""2021-08-16""]",1612,53de285d-445d-4090-907f-3e30a50b645a,com.garmin.connect.mobile,[1613],"[""2ffddc76-a4b6-45eb-9fba-17b3f9f3a026""]","[""com.strava.stravaride""]"
cluster-0082,c3a75670-7ea9-4ff3-b2b1-66472744fabd,bike,source_precedence_policy,source_precedence_policy,"[""2021-08-19""]",1617,83c4768e-994f-44c1-a7a2-c565a5243c05,com.garmin.connect.mobile,[1618],"[""3031d84d-e81b-4ec0-8e06-069e4573998c""]","[""com.strava.stravaride""]"
cluster-0083,c3a75670-7ea9-4ff3-b2b1-66472744fabd,bike,source_precedence_policy,source_precedence_policy,"[""2021-08-19""]",1619,20e9f742-eff6-46ac-98e9-d73ba689f1ad,com.garmin.connect.mobile,[1620],"[""4d4da98c-1a36-4b1a-9e73-220339844561""]","[""com.strava.stravaride""]"
cluster-0084,c3a75670-7ea9-4ff3-b2b1-66472744fabd,bike,source_precedence_policy,source_precedence_policy,"[""2021-08-26""]",1625,968b95b6-8b20-4312-b1c3-9a2e2e194dcd,com.garmin.connect.mobile,[1626],"[""8e5a24ab-7b77-471c-a87e-007dab94abce""]","[""com.strava.stravaride""]"
cluster-0085,c3a75670-7ea9-4ff3-b2b1-66472744fabd,bike,source_precedence_policy,source_precedence_policy,"[""2021-08-26""]",1627,61a7b41f-1b8f-4239-9336-3e84fbcf57f6,com.garmin.connect.mobile,[1628],"[""45c33177-d332-423d-a6e2-6598bb68ba6e""]","[""com.strava.stravaride""]"
cluster-0086,c3a75670-7ea9-4ff3-b2b1-66472744fabd,bike,source_precedence_policy,source_precedence_policy,"[""2021-08-28""]",1629,c592f18a-0739-42ba-94ea-4a34f54635e0,com.garmin.connect.mobile,[1630],"[""2fcaaed5-850a-4986-90d5-d0fa903952f9""]","[""com.strava.stravaride""]"
cluster-0087,c3a75670-7ea9-4ff3-b2b1-66472744fabd,bike,source_precedence_policy,source_precedence_policy,"[""2021-08-30""]",1631,efcde46a-3ecf-4f76-adc9-cfe7630594fa,com.garmin.connect.mobile,[1632],"[""1e5eeb1a-8353-4465-867b-fe0d0deae72e""]","[""com.strava.stravaride""]"
cluster-0088,c3a75670-7ea9-4ff3-b2b1-66472744fabd,bike,source_precedence_policy,source_precedence_policy,"[""2021-08-30""]",1633,03446723-d072-44cf-a44d-3e60138ce324,com.garmin.connect.mobile,[1634],"[""2fbfe4fc-31f2-40ae-8c33-2e63e802f13a""]","[""com.strava.stravaride""]"
cluster-0089,c3a75670-7ea9-4ff3-b2b1-66472744fabd,bike,source_precedence_policy,source_precedence_policy,"[""2021-09-01""]",1639,244f72de-27da-4fdd-9ccd-edf1c0d447a8,com.garmin.connect.mobile,[1640],"[""917f4624-f520-4951-bc97-be8a32bd0c11""]","[""com.strava.stravaride""]"
cluster-0090,c3a75670-7ea9-4ff3-b2b1-66472744fabd,bike,source_precedence_policy,source_precedence_policy,"[""2021-09-27""]",1685,4c90fe2f-217a-4c64-aaf7-31de793d6f0a,com.garmin.connect.mobile,[1686],"[""843842ee-749a-47d9-bb9a-71a6d4109814""]","[""com.strava.stravaride""]"
cluster-0092,c3a75670-7ea9-4ff3-b2b1-66472744fabd,bike,source_precedence_policy,source_precedence_policy,"[""2021-10-25""]",1725,a0f08939-3671-44d9-a456-31c97880c13c,com.garmin.connect.mobile,[1726],"[""552baee1-5b79-4f5e-b43c-751fb52a2c9b""]","[""com.strava.stravaride""]"
cluster-0094,c3a75670-7ea9-4ff3-b2b1-66472744fabd,bike,source_precedence_policy,source_precedence_policy,"[""2021-10-30""]",1735,abdac13c-51db-43cd-b938-686aa70871ec,com.garmin.connect.mobile,[1736],"[""26c99eb1-fa9d-4968-bfc9-1f966946db00""]","[""com.strava.stravaride""]"
cluster-0095,c3a75670-7ea9-4ff3-b2b1-66472744fabd,bike,source_precedence_policy,source_precedence_policy,"[""2021-11-01""]",1740,18030dd8-0f6d-47c2-afe3-ab5e59d6693c,com.garmin.connect.mobile,[1741],"[""755dafcd-132a-4000-84db-b5d2c0e4690e""]","[""com.strava.stravaride""]"
cluster-0096,c3a75670-7ea9-4ff3-b2b1-66472744fabd,bike,source_precedence_policy,source_precedence_policy,"[""2021-11-06""]",1744,be12d880-eb9a-464e-b1c9-857d623899e2,com.garmin.connect.mobile,[1745],"[""6f5452d1-4d4e-4677-9e06-f8fb06dc2944""]","[""com.strava.stravaride""]"
cluster-0100,c3a75670-7ea9-4ff3-b2b1-66472744fabd,bike,source_precedence_policy,source_precedence_policy,"[""2022-01-20""]",1792,4ca03caa-f53c-4921-8462-3307887ec6ee,com.garmin.connect.mobile,[1793],"[""a1be7ddc-f010-46b1-a447-290746e74811""]","[""com.strava.stravaride""]"
cluster-0101,c3a75670-7ea9-4ff3-b2b1-66472744fabd,bike,source_precedence_policy,source_precedence_policy,"[""2022-01-20""]",1794,bfe21702-ebca-4887-854c-d427b5f5b112,com.garmin.connect.mobile,[1795],"[""fa85f708-4953-4fba-91ad-e9a2366b96ae""]","[""com.strava.stravaride""]"
cluster-0102,c3a75670-7ea9-4ff3-b2b1-66472744fabd,bike,source_precedence_policy,source_precedence_policy,"[""2022-03-07""]",1834,a52de9fa-f564-4c9b-a25e-63f2ca7547ee,com.garmin.connect.mobile,[1835],"[""df9d1e82-4ca0-425f-9ae9-3eeecfa07c7f""]","[""com.strava.stravaride""]"
cluster-0107,c3a75670-7ea9-4ff3-b2b1-66472744fabd,bike,source_precedence_policy,source_precedence_policy,"[""2022-04-18""]",1868,057791a1-afe4-4d8b-b816-6b271782f7a6,com.garmin.connect.mobile,[1869],"[""f352258a-b37b-4522-8c57-5ff588459770""]","[""com.strava.stravaride""]"
cluster-0108,c3a75670-7ea9-4ff3-b2b1-66472744fabd,bike,source_precedence_policy,source_precedence_policy,"[""2022-04-18""]",1871,aaae2c3e-be14-42b1-8605-5672f3dfc6bf,com.garmin.connect.mobile,[1870],"[""7d58a778-47ce-4f44-b418-7d4f54f62050""]","[""com.strava.stravaride""]"
cluster-0109,c3a75670-7ea9-4ff3-b2b1-66472744fabd,bike,source_precedence_policy,source_precedence_policy,"[""2022-04-19""]",1873,cbee957d-390a-4d24-862e-06175f91fb5a,com.garmin.connect.mobile,[1874],"[""16aa12f2-a6c2-478c-ae38-2204eebacf18""]","[""com.strava.stravaride""]"
cluster-0111,c3a75670-7ea9-4ff3-b2b1-66472744fabd,bike,source_precedence_policy,source_precedence_policy,"[""2022-04-26""]",1888,43fb8362-e379-497f-875c-92dd6c06b233,com.garmin.connect.mobile,[1889],"[""54026e62-25e3-4915-b7dd-ffc6e2c371cf""]","[""com.strava.stravaride""]"
cluster-0113,c3a75670-7ea9-4ff3-b2b1-66472744fabd,bike,source_precedence_policy,source_precedence_policy,"[""2022-05-03""]",1902,5227639a-97b3-46d9-bf38-f38a525e91e9,com.garmin.connect.mobile,[1903],"[""b9fbb790-f3ca-4044-ba2c-b964ed07ec0a""]","[""com.strava.stravaride""]"
cluster-0114,c3a75670-7ea9-4ff3-b2b1-66472744fabd,bike,source_precedence_policy,source_precedence_policy,"[""2022-05-12""]",1908,b8564362-459d-4a38-ab70-44b0afeee26d,com.garmin.connect.mobile,[1909],"[""d8d6bef6-eb01-4602-afb2-a61263c84ade""]","[""com.strava.stravaride""]"
cluster-0115,c3a75670-7ea9-4ff3-b2b1-66472744fabd,bike,source_precedence_policy,source_precedence_policy,"[""2022-05-12""]",1910,06358b94-cc36-4d2d-9e05-d40bf9f5e7a8,com.garmin.connect.mobile,[1911],"[""46282144-ff9e-43d6-bbbd-e8f317c6c540""]","[""com.strava.stravaride""]"
cluster-0116,c3a75670-7ea9-4ff3-b2b1-66472744fabd,bike,source_precedence_policy,source_precedence_policy,"[""2022-05-25""]",1920,9a22c3ff-7b1b-4261-bdd7-770b07199236,com.garmin.connect.mobile,[1921],"[""e460a9e0-9679-4be7-9625-b98d1a5daa8a""]","[""com.strava.stravaride""]"
cluster-0117,c3a75670-7ea9-4ff3-b2b1-66472744fabd,bike,source_precedence_policy,source_precedence_policy,"[""2022-05-26""]",1922,669b5913-15b9-405f-a3f9-91fac1ae8452,com.garmin.connect.mobile,[1923],"[""f362d67b-80c8-4ca0-a60b-944c7347b8df""]","[""com.strava.stravaride""]"
cluster-0118,c3a75670-7ea9-4ff3-b2b1-66472744fabd,bike,source_precedence_policy,source_precedence_policy,"[""2022-05-26""]",1924,eef4ca89-485f-48b5-a9a5-d949435c0253,com.garmin.connect.mobile,[1925],"[""d41fb0cb-8cf1-4486-b462-c0840ac3c104""]","[""com.strava.stravaride""]"
cluster-0119,c3a75670-7ea9-4ff3-b2b1-66472744fabd,bike,source_precedence_policy,source_precedence_policy,"[""2022-06-09""]",1930,2d40b07f-0a9a-4c3f-85d2-ca90c7b6aa0d,com.garmin.connect.mobile,[1931],"[""5b085e8e-f9f3-4290-97a7-47e54423bc4e""]","[""com.strava.stravaride""]"
cluster-0120,c3a75670-7ea9-4ff3-b2b1-66472744fabd,bike,source_precedence_policy,source_precedence_policy,"[""2022-06-09""]",1932,910cb4ef-276a-4f08-9738-ccaa2b2404f8,com.garmin.connect.mobile,[1933],"[""3a67d81d-ed14-4f62-b6da-89217b3f1719""]","[""com.strava.stravaride""]"
cluster-0121,c3a75670-7ea9-4ff3-b2b1-66472744fabd,bike,source_precedence_policy,source_precedence_policy,"[""2022-06-14""]",1937,0d834084-5e56-4844-a129-bcbd900203cc,com.garmin.connect.mobile,[1938],"[""c05b77b5-fb8a-414b-94ef-a9ca44df2fbf""]","[""com.strava.stravaride""]"
cluster-0122,c3a75670-7ea9-4ff3-b2b1-66472744fabd,bike,source_precedence_policy,source_precedence_policy,"[""2022-06-14""]",1939,8d7cd5c7-bdb2-47b3-8861-9c44a5d4b7e1,com.garmin.connect.mobile,[1940],"[""460638f7-f042-41f8-8afe-68aa94e1ac61""]","[""com.strava.stravaride""]"
cluster-0123,c3a75670-7ea9-4ff3-b2b1-66472744fabd,bike,source_precedence_policy,source_precedence_policy,"[""2022-06-17""]",1941,bba39dbd-fc84-439a-86e2-c8db0de4bef4,com.garmin.connect.mobile,[1942],"[""853f7137-83fe-4651-a33b-7d5517b730de""]","[""com.strava.stravaride""]"
cluster-0124,c3a75670-7ea9-4ff3-b2b1-66472744fabd,bike,source_precedence_policy,source_precedence_policy,"[""2022-06-19""]",1943,b5e2ca13-466b-41fb-b708-d4f50b742ee5,com.garmin.connect.mobile,[1944],"[""f0960e96-292e-4301-8d7a-45022cde36ed""]","[""com.strava.stravaride""]"
cluster-0125,c3a75670-7ea9-4ff3-b2b1-66472744fabd,bike,source_precedence_policy,source_precedence_policy,"[""2022-06-21""]",1945,f5bbd898-a0b1-45a9-b273-8ac51572b3ae,com.garmin.connect.mobile,[1946],"[""1e57b004-88c3-43aa-90e9-ed49a7599da7""]","[""com.strava.stravaride""]"
cluster-0126,c3a75670-7ea9-4ff3-b2b1-66472744fabd,bike,source_precedence_policy,source_precedence_policy,"[""2022-06-27""]",1949,c8991dd9-e9e2-4a42-983e-fad6b7c93ab6,com.garmin.connect.mobile,[1950],"[""36c1f6bb-2725-4d9b-a3d9-51133fca939a""]","[""com.strava.stravaride""]"
cluster-0127,c3a75670-7ea9-4ff3-b2b1-66472744fabd,bike,source_precedence_policy,source_precedence_policy,"[""2022-07-04""]",1954,48586472-d3dc-441d-b8e6-a608ebac930b,com.garmin.connect.mobile,[1955],"[""451bc6a7-8abb-4ef6-8ad5-bf617035346a""]","[""com.strava.stravaride""]"
cluster-0128,c3a75670-7ea9-4ff3-b2b1-66472744fabd,bike,source_precedence_policy,source_precedence_policy,"[""2022-07-23""]",1972,77b0cce8-7c3f-438e-8bb5-411c72c627e2,com.garmin.connect.mobile,[1973],"[""128a7ef4-e063-4d89-9384-f0e7a0459a8e""]","[""com.strava.stravaride""]"
cluster-0131,c3a75670-7ea9-4ff3-b2b1-66472744fabd,bike,source_precedence_policy,source_precedence_policy,"[""2022-08-07""]",1993,f0dcfe56-6339-4456-a590-0fb895071255,com.garmin.connect.mobile,[1994],"[""63c6de81-372b-41c3-b0b0-946d5f13083e""]","[""com.strava.stravaride""]"
cluster-0133,c3a75670-7ea9-4ff3-b2b1-66472744fabd,bike,source_precedence_policy,source_precedence_policy,"[""2022-08-16""]",2002,2b7a6b59-c9c7-47c6-bb08-9ebe90546b06,com.garmin.connect.mobile,[2003],"[""ad0f36ce-5d5a-4987-9983-1ad33ec9ffd3""]","[""com.strava.stravaride""]"
cluster-0134,c3a75670-7ea9-4ff3-b2b1-66472744fabd,bike,source_precedence_policy,source_precedence_policy,"[""2022-08-20""]",2004,6549b431-6bf2-43f2-bdb2-14889fe88cc9,com.garmin.connect.mobile,[2005],"[""25e230ee-783f-4861-9664-a7cd78169d6f""]","[""com.strava.stravaride""]"
cluster-0135,c3a75670-7ea9-4ff3-b2b1-66472744fabd,bike,source_precedence_policy,source_precedence_policy,"[""2022-08-25""]",2010,be2d498c-923c-489c-aef2-e03964b5745e,com.garmin.connect.mobile,[2011],"[""0798da1f-2694-4165-b816-f176c785a718""]","[""com.strava.stravaride""]"
cluster-0136,c3a75670-7ea9-4ff3-b2b1-66472744fabd,bike,source_precedence_policy,source_precedence_policy,"[""2022-09-07""]",2016,19607086-f1cb-4b69-8102-3e36aa4f0540,com.garmin.connect.mobile,[2017],"[""0d0826a5-7efc-4f0a-94ed-edb02c9a9c35""]","[""com.strava.stravaride""]"
cluster-0137,c3a75670-7ea9-4ff3-b2b1-66472744fabd,bike,source_precedence_policy,source_precedence_policy,"[""2022-09-13""]",2022,6ae77a10-8795-4c94-ba9b-367f352059f7,com.garmin.connect.mobile,[2023],"[""4b6ca474-d938-48ff-9cad-ad22015e778a""]","[""com.strava.stravaride""]"
cluster-0138,c3a75670-7ea9-4ff3-b2b1-66472744fabd,bike,source_precedence_policy,source_precedence_policy,"[""2022-09-13""]",2024,96a406c9-00be-460c-bda3-c9f1a99d3891,com.garmin.connect.mobile,[2025],"[""bc92a36a-4717-4ebe-950a-2b0c18551f33""]","[""com.strava.stravaride""]"
cluster-0139,c3a75670-7ea9-4ff3-b2b1-66472744fabd,bike,source_precedence_policy,source_precedence_policy,"[""2022-09-18""]",2028,ac573ff2-c87a-448c-a38c-d981a9ecc314,com.garmin.connect.mobile,[2029],"[""4e9eaf16-46f2-43b3-81be-1fb203008c81""]","[""com.strava.stravaride""]"
cluster-0140,c3a75670-7ea9-4ff3-b2b1-66472744fabd,bike,source_precedence_policy,source_precedence_policy,"[""2022-09-20""]",2030,65bba8bd-5f70-4995-a160-44d78929d25b,com.garmin.connect.mobile,[2031],"[""1abb5472-89ba-407d-95ca-6755a9a68bf3""]","[""com.strava.stravaride""]"
cluster-0141,c3a75670-7ea9-4ff3-b2b1-66472744fabd,bike,source_precedence_policy,source_precedence_policy,"[""2022-09-20""]",2032,e78981f6-6df1-45b3-ae05-4b43adf32cb0,com.garmin.connect.mobile,[2033],"[""ee9a3bcf-26cc-47da-b32d-184b614d2dd4""]","[""com.strava.stravaride""]"
cluster-0142,c3a75670-7ea9-4ff3-b2b1-66472744fabd,bike,source_precedence_policy,source_precedence_policy,"[""2022-09-23""]",2036,61985f63-b5c2-48d3-a61c-0d44c02e197c,com.garmin.connect.mobile,[2037],"[""bcdd77c6-c8dc-4dcc-b04e-af993f10af6c""]","[""com.strava.stravaride""]"
cluster-0144,c3a75670-7ea9-4ff3-b2b1-66472744fabd,bike,source_precedence_policy,source_precedence_policy,"[""2022-09-27""]",2042,3ab897ac-1813-4130-ad3a-ef187d706588,com.garmin.connect.mobile,[2043],"[""4c3987b6-3d01-4ce4-891b-1a3fd871ba9f""]","[""com.strava.stravaride""]"
cluster-0145,c3a75670-7ea9-4ff3-b2b1-66472744fabd,bike,source_precedence_policy,source_precedence_policy,"[""2022-10-02""]",2044,a189561c-8c48-454e-a547-bdd771a4773e,com.garmin.connect.mobile,[2045],"[""f2811760-ffa9-462a-b5fc-70c259605286""]","[""com.strava.stravaride""]"
cluster-0146,c3a75670-7ea9-4ff3-b2b1-66472744fabd,bike,source_precedence_policy,source_precedence_policy,"[""2022-10-02""]",2046,6b62f315-d5f3-4950-94ac-54710c1907d9,com.garmin.connect.mobile,[2047],"[""84e583fc-72c2-47c3-9271-4bfb5d20efd7""]","[""com.strava.stravaride""]"
cluster-0147,c3a75670-7ea9-4ff3-b2b1-66472744fabd,bike,source_precedence_policy,source_precedence_policy,"[""2022-10-02""]",2048,4d85794a-e4ea-47bd-98d8-4d343133d140,com.garmin.connect.mobile,[2049],"[""3bfb13e8-e1d1-42a0-8d49-29034b9145f5""]","[""com.strava.stravaride""]"
cluster-0148,c3a75670-7ea9-4ff3-b2b1-66472744fabd,bike,source_precedence_policy,source_precedence_policy,"[""2022-10-04""]",2050,6a633b6e-37d7-43b4-8834-51d6fde93ac0,com.garmin.connect.mobile,[2051],"[""35cb89d4-9468-48ba-b487-bbc9b09b2a30""]","[""com.strava.stravaride""]"
cluster-0149,c3a75670-7ea9-4ff3-b2b1-66472744fabd,bike,source_precedence_policy,source_precedence_policy,"[""2022-10-04""]",2052,a4c45da6-025b-4329-9296-2a6fad6138b6,com.garmin.connect.mobile,[2053],"[""5ddee2ac-d006-45bf-a816-dd48abd7b093""]","[""com.strava.stravaride""]"
cluster-0151,c3a75670-7ea9-4ff3-b2b1-66472744fabd,bike,source_precedence_policy,source_precedence_policy,"[""2022-10-11""]",2063,5b132cf7-91c7-45a3-95d7-a086ebf3e7b5,com.garmin.connect.mobile,[2064],"[""bf5c903b-eca0-409a-b268-767b669c1dd6""]","[""com.strava.stravaride""]"
cluster-0153,c3a75670-7ea9-4ff3-b2b1-66472744fabd,bike,source_precedence_policy,source_precedence_policy,"[""2022-10-26""]",2075,350eb2c4-bfbc-44b0-9531-17aaf9fe64b5,com.garmin.connect.mobile,[2076],"[""3c390e8b-9af7-4632-a5ff-5249677857a2""]","[""com.strava.stravaride""]"
cluster-0154,c3a75670-7ea9-4ff3-b2b1-66472744fabd,bike,source_precedence_policy,source_precedence_policy,"[""2022-12-04""]",2128,6aa3a1ce-f41b-4bab-bce0-8ba0ab375dfd,com.rungap.RunGap,[2129],"[""e4a0cea0-a212-4c4b-acde-1839d93a09ca""]","[""com.strava.stravaride""]"
cluster-0155,c3a75670-7ea9-4ff3-b2b1-66472744fabd,bike,source_precedence_policy,source_precedence_policy,"[""2023-01-10""]",2175,abb684c5-ab32-4e55-9191-7b155d9a05e6,com.rungap.RunGap,[2176],"[""ec74f86f-2825-4a1a-b440-68f0830c889a""]","[""com.strava.stravaride""]"
cluster-0157,c3a75670-7ea9-4ff3-b2b1-66472744fabd,bike,source_precedence_policy,source_precedence_policy,"[""2023-05-10""]",2295,c3fc4b8c-8b59-406a-ac51-2b708f8cf119,com.rungap.RunGap,[2296],"[""28521bf7-a19f-499d-8aad-98117fb1eb10""]","[""com.strava.stravaride""]"
cluster-0159,c3a75670-7ea9-4ff3-b2b1-66472744fabd,bike,source_precedence_policy,source_precedence_policy,"[""2023-05-17""]",2309,f496b9fa-7c03-4e61-9c58-5a88a67e5c47,com.rungap.RunGap,[2310],"[""4ee9960e-3a6c-4b16-a456-f7ab491ecc86""]","[""com.strava.stravaride""]"
cluster-0161,c3a75670-7ea9-4ff3-b2b1-66472744fabd,bike,source_precedence_policy,source_precedence_policy,"[""2023-06-17""]",2352,ac41f470-20e7-4555-abce-8b14f3e56a49,com.rungap.RunGap,[2353],"[""b1a46e9f-bb66-4966-b1b6-16c0d78e2110""]","[""com.strava.stravaride""]"
cluster-0162,c3a75670-7ea9-4ff3-b2b1-66472744fabd,bike,source_precedence_policy,source_precedence_policy,"[""2023-06-17""]",2354,b9cf7a26-e8a6-47c9-9a0d-fc950181c328,com.rungap.RunGap,[2355],"[""1898c34f-4bb6-43ab-88c6-534a049e03fb""]","[""com.strava.stravaride""]"
cluster-0163,c3a75670-7ea9-4ff3-b2b1-66472744fabd,bike,source_precedence_policy,source_precedence_policy,"[""2023-06-23""]",2356,56712c8b-bc3f-47f4-9870-31c6658dc3fa,com.rungap.RunGap,[2357],"[""1a79dab1-7021-41f9-816e-d0c9b87cfa6d""]","[""com.strava.stravaride""]"
cluster-0164,c3a75670-7ea9-4ff3-b2b1-66472744fabd,bike,source_precedence_policy,source_precedence_policy,"[""2023-06-24""]",2358,dbe8b9e2-11eb-41d1-9065-92238c4cce9d,com.rungap.RunGap,[2359],"[""fb8bda60-14c0-4cfc-bbe5-ef63eb73235d""]","[""com.strava.stravaride""]"
cluster-0165,c3a75670-7ea9-4ff3-b2b1-66472744fabd,bike,source_precedence_policy,source_precedence_policy,"[""2023-06-24""]",2360,b4c0c75e-41fd-4c2f-97f0-bac5d82c9a5f,com.rungap.RunGap,[2361],"[""ca6e7076-7178-4e50-9d36-36ff0cbf0333""]","[""com.strava.stravaride""]"
cluster-0166,c3a75670-7ea9-4ff3-b2b1-66472744fabd,bike,source_precedence_policy,source_precedence_policy,"[""2023-06-24""]",2362,0907e2c0-cd6f-4b31-a196-d8e1ad135aa7,com.rungap.RunGap,[2363],"[""ddbf5092-556f-4204-8c80-b1a195913941""]","[""com.strava.stravaride""]"
cluster-0168,c3a75670-7ea9-4ff3-b2b1-66472744fabd,bike,source_precedence_policy,source_precedence_policy,"[""2023-06-28""]",2368,99a55422-8048-4d16-9dd4-829579a02fb8,com.rungap.RunGap,[2369],"[""7b8619ed-1ea6-46e4-8e00-dae710f314fe""]","[""com.strava.stravaride""]"
cluster-0169,c3a75670-7ea9-4ff3-b2b1-66472744fabd,bike,source_precedence_policy,source_precedence_policy,"[""2023-06-28""]",2370,dfb2940d-ee50-4a89-a127-fb86fb2294e5,com.rungap.RunGap,[2371],"[""eb71168f-1111-42a6-b52b-b11616f96513""]","[""com.strava.stravaride""]"
cluster-0170,c3a75670-7ea9-4ff3-b2b1-66472744fabd,bike,source_precedence_policy,source_precedence_policy,"[""2023-06-30""]",2372,ff3450e2-a1a1-45cf-80d5-9c7f0c6c9e69,com.rungap.RunGap,[2373],"[""778009da-442d-4b0e-a077-c2bc18c81162""]","[""com.strava.stravaride""]"
cluster-0171,c3a75670-7ea9-4ff3-b2b1-66472744fabd,bike,source_precedence_policy,source_precedence_policy,"[""2023-07-06""]",2380,fed4b90e-5bd8-4971-bd61-180580dd073b,com.rungap.RunGap,[2381],"[""68d41ee3-182f-43d1-8ac1-256b67fc2351""]","[""com.strava.stravaride""]"
cluster-0172,c3a75670-7ea9-4ff3-b2b1-66472744fabd,bike,source_precedence_policy,source_precedence_policy,"[""2023-07-06""]",2382,3c55a187-0012-412b-b434-e6da30ad36ea,com.rungap.RunGap,[2383],"[""96815098-8c55-4215-83a5-f778afe325c8""]","[""com.strava.stravaride""]"
cluster-0173,c3a75670-7ea9-4ff3-b2b1-66472744fabd,bike,source_precedence_policy,source_precedence_policy,"[""2023-07-14""]",2398,09f48884-8fca-4d83-a518-262a0c25dc19,com.rungap.RunGap,[2399],"[""b1c84084-8b97-4af5-be7a-5cb95f46cb4e""]","[""com.strava.stravaride""]"
cluster-0175,c3a75670-7ea9-4ff3-b2b1-66472744fabd,bike,source_precedence_policy,source_precedence_policy,"[""2023-07-18""]",2410,d0b8a8e7-304a-4820-9bf2-2424700d70a3,com.rungap.RunGap,[2411],"[""7c10a004-98e0-406c-9cb4-e45516991d08""]","[""com.strava.stravaride""]"
cluster-0176,c3a75670-7ea9-4ff3-b2b1-66472744fabd,bike,source_precedence_policy,source_precedence_policy,"[""2023-07-20""]",2414,ef986f6e-ba1d-4f9a-81f5-cb18d9d34c51,com.rungap.RunGap,[2415],"[""ee63499c-a12b-43ef-8f70-cbcd04229943""]","[""com.strava.stravaride""]"
cluster-0177,c3a75670-7ea9-4ff3-b2b1-66472744fabd,bike,source_precedence_policy,source_precedence_policy,"[""2023-08-03""]",2430,5f2c16ab-56e6-4fde-ab8b-5a68b2a213b8,com.rungap.RunGap,[2431],"[""48fc5d10-fc2d-4e5a-b084-1517e431d80f""]","[""com.strava.stravaride""]"
cluster-0179,c3a75670-7ea9-4ff3-b2b1-66472744fabd,bike,source_precedence_policy,source_precedence_policy,"[""2023-08-07""]",2437,f954fe49-3d19-4946-aaa8-d100b0de2a42,com.rungap.RunGap,[2438],"[""da533e1f-5982-482f-855b-e0e98be58db7""]","[""com.strava.stravaride""]"
cluster-0181,c3a75670-7ea9-4ff3-b2b1-66472744fabd,bike,source_precedence_policy,source_precedence_policy,"[""2023-08-11""]",2446,ea7f8f12-df60-4d3c-a1e5-2653e385c13f,com.rungap.RunGap,[2447],"[""0f40f234-b50e-4b25-8b8b-a31bcc9e4ec0""]","[""com.strava.stravaride""]"
cluster-0184,c3a75670-7ea9-4ff3-b2b1-66472744fabd,bike,source_precedence_policy,source_precedence_policy,"[""2023-08-19""]",2458,0985a8d8-2787-438a-814e-88bfab6fbc88,com.rungap.RunGap,[2459],"[""234dcb7c-67cb-40a9-ae24-1450a197cc82""]","[""com.strava.stravaride""]"
cluster-0186,c3a75670-7ea9-4ff3-b2b1-66472744fabd,bike,source_precedence_policy,source_precedence_policy,"[""2023-08-23""]",2465,1864facc-be1e-4c5e-8517-17b2b38609a7,com.rungap.RunGap,[2466],"[""77794426-a59a-4b40-8617-d30252c7155f""]","[""com.strava.stravaride""]"
cluster-0187,c3a75670-7ea9-4ff3-b2b1-66472744fabd,bike,source_precedence_policy,source_precedence_policy,"[""2023-08-23""]",2467,2cd0cbd9-cd68-4a9b-81e8-6276578649e7,com.rungap.RunGap,[2468],"[""bc1cb809-5934-472a-9507-36f5701fa731""]","[""com.strava.stravaride""]"
cluster-0189,c3a75670-7ea9-4ff3-b2b1-66472744fabd,bike,source_precedence_policy,source_precedence_policy,"[""2023-09-09""]",2497,dd71fca7-8ea4-4f35-9428-ff4e5add34ef,com.rungap.RunGap,[2498],"[""82cb54cc-1e75-432f-aa1e-5fd291a4c964""]","[""com.strava.stravaride""]"
cluster-0190,c3a75670-7ea9-4ff3-b2b1-66472744fabd,bike,source_precedence_policy,source_precedence_policy,"[""2023-09-12""]",2505,4408e43f-005c-45fb-9bb2-b4ac1a0b3edd,com.rungap.RunGap,[2506],"[""3a7261d5-45af-4466-a194-a148f986397e""]","[""com.strava.stravaride""]"
cluster-0191,c3a75670-7ea9-4ff3-b2b1-66472744fabd,bike,source_precedence_policy,source_precedence_policy,"[""2023-09-12""]",2507,c21acd29-d309-42b3-aa42-49d440055943,com.rungap.RunGap,[2508],"[""d09e4aee-ef0c-4a01-a674-e61b8f2e1207""]","[""com.strava.stravaride""]"
cluster-0194,c3a75670-7ea9-4ff3-b2b1-66472744fabd,bike,source_precedence_policy,source_precedence_policy,"[""2023-09-30""]",2521,ffb4c038-f3b0-4a4b-bd77-6faaa38cdc6f,com.rungap.RunGap,[2522],"[""07cae96a-4245-44e7-9de7-4eb805dc245a""]","[""com.strava.stravaride""]"
cluster-0195,c3a75670-7ea9-4ff3-b2b1-66472744fabd,bike,source_precedence_policy,source_precedence_policy,"[""2023-10-01""]",2523,3c6a5f4d-7b9f-4d3a-b1da-b18699dc7b42,com.rungap.RunGap,[2524],"[""8e3e9893-7187-4381-90f1-776682015156""]","[""com.strava.stravaride""]"
cluster-0197,c3a75670-7ea9-4ff3-b2b1-66472744fabd,bike,source_precedence_policy,source_precedence_policy,"[""2023-10-03""]",2527,e84ebff0-6188-4bc6-85d9-3fe67abf0ba8,com.rungap.RunGap,[2528],"[""a48531f0-5d5f-450c-b2aa-f77ee6f9e03c""]","[""com.strava.stravaride""]"
cluster-0198,c3a75670-7ea9-4ff3-b2b1-66472744fabd,bike,source_precedence_policy,source_precedence_policy,"[""2023-10-03""]",2529,cc11af04-a5fd-45fc-90b2-28be6c2c1820,com.rungap.RunGap,[2530],"[""df517e8f-8f25-4fd0-87b4-2907293d7e6d""]","[""com.strava.stravaride""]"
cluster-0199,c3a75670-7ea9-4ff3-b2b1-66472744fabd,bike,source_precedence_policy,source_precedence_policy,"[""2023-10-08""]",2534,a1d3207a-265c-42a8-819b-1c93515b0801,com.rungap.RunGap,[2535],"[""9b023cfe-d74e-4675-a9d6-05947fc72248""]","[""com.strava.stravaride""]"
cluster-0201,c3a75670-7ea9-4ff3-b2b1-66472744fabd,bike,source_precedence_policy,source_precedence_policy,"[""2023-10-10""]",2538,7f1e8db8-d79b-48bd-ba38-f67753130267,com.rungap.RunGap,[2539],"[""325a4eff-50ed-48df-8f05-534277e010fe""]","[""com.strava.stravaride""]"
cluster-0202,c3a75670-7ea9-4ff3-b2b1-66472744fabd,bike,source_precedence_policy,source_precedence_policy,"[""2023-10-15""]",2541,089981d1-985d-4902-a296-ddf066db77d3,com.rungap.RunGap,[2542],"[""1fb59dcb-258a-4fe8-bdc6-75a80f38c3f1""]","[""com.strava.stravaride""]"
cluster-0204,c3a75670-7ea9-4ff3-b2b1-66472744fabd,bike,source_precedence_policy,source_precedence_policy,"[""2023-10-28""]",2553,0e336714-a542-4c86-a126-6cb5bd7c2292,com.rungap.RunGap,[2554],"[""79f6412d-3e70-476c-aacf-5a34060fb697""]","[""com.strava.stravaride""]"
cluster-0205,c3a75670-7ea9-4ff3-b2b1-66472744fabd,bike,source_precedence_policy,source_precedence_policy,"[""2023-10-31""]",2558,ce6a02c1-13cd-4dca-8f6d-8ddb8adacf72,com.rungap.RunGap,[2559],"[""e198a44d-96cd-4c81-830f-212ae728a581""]","[""com.strava.stravaride""]"
cluster-0206,c3a75670-7ea9-4ff3-b2b1-66472744fabd,bike,source_precedence_policy,source_precedence_policy,"[""2023-11-05""]",2563,0a863c4e-4cee-4c01-b605-74cc9ed0813c,com.rungap.RunGap,[2564],"[""d0c8aa8b-73ee-40e0-b83d-52ca397aaab4""]","[""com.strava.stravaride""]"
cluster-0207,c3a75670-7ea9-4ff3-b2b1-66472744fabd,bike,source_precedence_policy,source_precedence_policy,"[""2023-11-05""]",2565,9aa94050-4246-47f8-8751-3829a2427897,com.rungap.RunGap,[2566],"[""6de39641-5240-4d2b-a302-67cd63b5aded""]","[""com.strava.stravaride""]"
cluster-0212,c3a75670-7ea9-4ff3-b2b1-66472744fabd,other,source_precedence_policy,source_precedence_policy,"[""2021-01-08""]",1179,5bb0a3ae-141a-461f-969d-4622a9cfde52,com.garmin.connect.mobile,[1180],"[""96fc61ed-e895-4e5e-a95e-ee54364ac3c0""]","[""com.strava.stravaride""]"
cluster-0213,c3a75670-7ea9-4ff3-b2b1-66472744fabd,other,source_precedence_policy,source_precedence_policy,"[""2021-01-13""]",1195,40d3b02f-5f63-4520-a02c-8f464268076e,com.garmin.connect.mobile,[1194],"[""0809c390-0a81-4e2e-ae15-e2b75f74005c""]","[""com.strava.stravaride""]"
cluster-0214,c3a75670-7ea9-4ff3-b2b1-66472744fabd,other,source_precedence_policy,source_precedence_policy,"[""2021-01-20""]",1211,bbbd9ce2-00a9-45ea-8b4b-f8422f7bcb24,com.garmin.connect.mobile,[1210],"[""8b303bb2-e353-490e-ae99-b43f698f23bb""]","[""com.strava.stravaride""]"
cluster-0215,c3a75670-7ea9-4ff3-b2b1-66472744fabd,other,source_precedence_policy,source_precedence_policy,"[""2021-01-22""]",1219,b19fbb7a-e633-4b2e-8a27-25269adf9d3a,com.garmin.connect.mobile,[1218],"[""773aae46-e186-41ac-91f4-3d6a7409ff18""]","[""com.strava.stravaride""]"
cluster-0216,c3a75670-7ea9-4ff3-b2b1-66472744fabd,other,source_precedence_policy,source_precedence_policy,"[""2021-01-27""]",1230,bdb92100-d33f-4029-a1f2-e7e0328a5f84,com.garmin.connect.mobile,[1229],"[""21c11c3d-40e1-49ab-a345-3006944ec0fb""]","[""com.strava.stravaride""]"
cluster-0217,c3a75670-7ea9-4ff3-b2b1-66472744fabd,other,source_precedence_policy,source_precedence_policy,"[""2021-01-29""]",1235,7629c0ad-51c9-4614-9216-01d6014e3c4c,com.garmin.connect.mobile,[1234],"[""5ded7416-6d91-4e6a-9623-6aabf7f7601b""]","[""com.strava.stravaride""]"
cluster-0218,c3a75670-7ea9-4ff3-b2b1-66472744fabd,other,source_precedence_policy,source_precedence_policy,"[""2021-02-03""]",1243,345f7558-dfc3-4fef-868e-1aff9e416bb1,com.garmin.connect.mobile,[1244],"[""b30d52dd-a642-43ca-b57a-a7bff81f09b2""]","[""com.strava.stravaride""]"
cluster-0219,c3a75670-7ea9-4ff3-b2b1-66472744fabd,other,source_precedence_policy,source_precedence_policy,"[""2021-02-10""]",1252,8a17809f-84f4-421d-b6dc-ecaa874a3011,com.garmin.connect.mobile,[1253],"[""c58c2263-6195-4a79-8e9f-ede277f1d285""]","[""com.strava.stravaride""]"
cluster-0220,c3a75670-7ea9-4ff3-b2b1-66472744fabd,other,source_precedence_policy,source_precedence_policy,"[""2021-02-12""]",1258,9c529c95-e5d6-4257-a063-560645fcd3fc,com.garmin.connect.mobile,[1257],"[""93e36b11-ecf9-4d1c-8d3d-da23fffb18e6""]","[""com.strava.stravaride""]"
cluster-0224,c3a75670-7ea9-4ff3-b2b1-66472744fabd,other,source_precedence_policy,source_precedence_policy,"[""2021-03-05""]",1330,743b3eab-9b79-4e7f-b950-b6eaf50c243d,com.garmin.connect.mobile,[1331],"[""f36a52c8-5bc4-422c-9794-b9d363967e4c""]","[""com.strava.stravaride""]"
cluster-0225,c3a75670-7ea9-4ff3-b2b1-66472744fabd,other,source_precedence_policy,source_precedence_policy,"[""2021-03-10""]",1337,65265a03-b6ce-43f3-b65c-89bfefb0531f,com.garmin.connect.mobile,[1336],"[""3049fd4b-82c4-472d-a917-17ba4fb21d90""]","[""com.strava.stravaride""]"
cluster-0226,c3a75670-7ea9-4ff3-b2b1-66472744fabd,other,source_precedence_policy,source_precedence_policy,"[""2021-03-17""]",1351,a5f77f85-1e87-47b2-a8a5-b9bb48341696,com.garmin.connect.mobile,[1352],"[""cb3e3e44-3dbf-4bb5-9ff0-3ff6a0922973""]","[""com.strava.stravaride""]"
cluster-0229,c3a75670-7ea9-4ff3-b2b1-66472744fabd,other,source_precedence_policy,source_precedence_policy,"[""2021-03-26""]",1377,03bf5d2d-770b-4594-9eca-350a6b598f1a,com.garmin.connect.mobile,[1378],"[""e60baded-dab3-4bd6-bda1-a7b3a4e7a70b""]","[""com.strava.stravaride""]"
cluster-0230,c3a75670-7ea9-4ff3-b2b1-66472744fabd,other,source_precedence_policy,source_precedence_policy,"[""2021-03-31""]",1386,ab010da2-b003-4f22-8b8a-71e720f26d98,com.garmin.connect.mobile,[1385],"[""9b53febc-5aaf-4b78-9fa7-23335ceb7e66""]","[""com.strava.stravaride""]"
cluster-0231,c3a75670-7ea9-4ff3-b2b1-66472744fabd,other,source_precedence_policy,source_precedence_policy,"[""2021-04-02""]",1390,702491b1-91a3-4d5c-bccf-68e2d532f107,com.garmin.connect.mobile,[1389],"[""69346bca-df2b-4310-834b-7a6fc607fc6a""]","[""com.strava.stravaride""]"
cluster-0232,c3a75670-7ea9-4ff3-b2b1-66472744fabd,other,source_precedence_policy,source_precedence_policy,"[""2021-04-05""]",1393,84c87b6d-1ce9-41fb-89d1-95ab8a94dcdb,com.garmin.connect.mobile,[1394],"[""c84da575-60da-4846-a180-b70f264e50fd""]","[""com.strava.stravaride""]"
cluster-0233,c3a75670-7ea9-4ff3-b2b1-66472744fabd,other,source_precedence_policy,source_precedence_policy,"[""2021-04-07""]",1398,3addf5e6-56ef-4d60-ad2e-0f7d8e3437f4,com.garmin.connect.mobile,[1397],"[""2667312f-0dc7-42f3-811a-564ddff12839""]","[""com.strava.stravaride""]"
cluster-0234,c3a75670-7ea9-4ff3-b2b1-66472744fabd,other,source_precedence_policy,source_precedence_policy,"[""2021-04-09""]",1402,d0a9eb58-9441-4cc6-8166-7b46dc0404fa,com.garmin.connect.mobile,[1401],"[""17eca0d4-0ae3-4f14-a167-a458cbe24907""]","[""com.strava.stravaride""]"
cluster-0235,c3a75670-7ea9-4ff3-b2b1-66472744fabd,other,source_precedence_policy,source_precedence_policy,"[""2021-04-14""]",1409,53af9448-3883-4176-887d-fa24f758f661,com.garmin.connect.mobile,[1410],"[""68ba0370-96c7-480c-83c6-28e831a3ef9f""]","[""com.strava.stravaride""]"
cluster-0236,c3a75670-7ea9-4ff3-b2b1-66472744fabd,other,source_precedence_policy,source_precedence_policy,"[""2021-04-16""]",1412,c1527bb1-12de-4e1a-bcb3-1f7a82505469,com.garmin.connect.mobile,[1411],"[""b2103e3d-1eb9-46ae-bf77-70b8ad39fb74""]","[""com.strava.stravaride""]"
cluster-0237,c3a75670-7ea9-4ff3-b2b1-66472744fabd,other,source_precedence_policy,source_precedence_policy,"[""2021-04-19""]",1415,77b52613-5923-49b9-98ec-d57e8dd4d0f7,com.garmin.connect.mobile,[1416],"[""e270649c-5ebe-4e9b-a675-6cdb594d8fad""]","[""com.strava.stravaride""]"
cluster-0238,c3a75670-7ea9-4ff3-b2b1-66472744fabd,other,source_precedence_policy,source_precedence_policy,"[""2021-04-21""]",1419,1c1dbed0-62b9-419b-969d-f85108124f13,com.garmin.connect.mobile,[1420],"[""cb2398e8-aec8-43d5-909b-6d86a77efb9e""]","[""com.strava.stravaride""]"
cluster-0239,c3a75670-7ea9-4ff3-b2b1-66472744fabd,other,source_precedence_policy,source_precedence_policy,"[""2021-04-23""]",1421,29548e93-d026-424b-a5c3-ac37c431af54,com.garmin.connect.mobile,[1422],"[""4765ec3c-f3df-4c7d-92df-ff60683bf71d""]","[""com.strava.stravaride""]"
cluster-0240,c3a75670-7ea9-4ff3-b2b1-66472744fabd,other,source_precedence_policy,source_precedence_policy,"[""2021-04-28""]",1428,985d61ba-1cee-4522-ac6e-4f35efc76c16,com.garmin.connect.mobile,[1427],"[""0dff640a-47bd-4fd0-8280-a6c3af2c1abb""]","[""com.strava.stravaride""]"
cluster-0241,c3a75670-7ea9-4ff3-b2b1-66472744fabd,other,source_precedence_policy,source_precedence_policy,"[""2021-04-30""]",1432,90e5909a-2212-494b-85b1-322ef70340dd,com.garmin.connect.mobile,[1431],"[""06409e81-fe4c-46d9-a035-986f7c0b5825""]","[""com.strava.stravaride""]"
cluster-0242,c3a75670-7ea9-4ff3-b2b1-66472744fabd,other,source_precedence_policy,source_precedence_policy,"[""2021-05-05""]",1441,f797f8ef-8755-46cf-b3a0-700ea5ba263f,com.garmin.connect.mobile,[1440],"[""a3ac51e6-ba75-42d0-a7f9-0cb57f6cb09e""]","[""com.strava.stravaride""]"
cluster-0243,c3a75670-7ea9-4ff3-b2b1-66472744fabd,other,source_precedence_policy,source_precedence_policy,"[""2021-05-19""]",1459,ec30b143-54d4-477b-96ad-d88fc320b319,com.garmin.connect.mobile,[1458],"[""53714495-0080-41a8-8475-83f846a76490""]","[""com.strava.stravaride""]"
cluster-0244,c3a75670-7ea9-4ff3-b2b1-66472744fabd,other,source_precedence_policy,source_precedence_policy,"[""2021-05-21""]",1462,28ea1bf4-d8b4-4d6c-89b2-aaaf8c8a9341,com.garmin.connect.mobile,[1463],"[""96f5d6d0-f24f-4296-b9b3-6cbeb0f5ac8b""]","[""com.strava.stravaride""]"
cluster-0245,c3a75670-7ea9-4ff3-b2b1-66472744fabd,other,source_precedence_policy,source_precedence_policy,"[""2021-05-26""]",1476,fb2fefae-fed5-41e5-b9f2-310b8cc36179,com.garmin.connect.mobile,[1475],"[""3588d4ec-e468-412a-8688-f5251452ffe8""]","[""com.strava.stravaride""]"
cluster-0246,c3a75670-7ea9-4ff3-b2b1-66472744fabd,other,source_precedence_policy,source_precedence_policy,"[""2021-05-28""]",1479,02d9d120-0635-444a-948d-27abc359ea0d,com.garmin.connect.mobile,[1480],"[""b3449637-6c92-4e0c-92d1-cc36fdb791ec""]","[""com.strava.stravaride""]"
cluster-0247,c3a75670-7ea9-4ff3-b2b1-66472744fabd,other,source_precedence_policy,source_precedence_policy,"[""2021-06-02""]",1499,c4cf8db9-96d6-4724-9d1c-ac9e884d0e73,com.garmin.connect.mobile,[1498],"[""2e5b4200-8f02-4b85-9fef-4e5f4edc16d8""]","[""com.strava.stravaride""]"
cluster-0248,c3a75670-7ea9-4ff3-b2b1-66472744fabd,other,source_precedence_policy,source_precedence_policy,"[""2021-06-04""]",1500,00a301dd-9056-4233-8fc3-8cc6d6b1ff47,com.garmin.connect.mobile,[1501],"[""72505ca5-1c85-4dd1-8093-c917357e86b0""]","[""com.strava.stravaride""]"
cluster-0249,c3a75670-7ea9-4ff3-b2b1-66472744fabd,other,source_precedence_policy,source_precedence_policy,"[""2021-06-09""]",1507,a96c61a3-95c8-45af-bc59-f95a607bee36,com.garmin.connect.mobile,[1506],"[""8f857ae0-18d2-4092-aa0a-1dd9e376143a""]","[""com.strava.stravaride""]"
cluster-0250,c3a75670-7ea9-4ff3-b2b1-66472744fabd,other,source_precedence_policy,source_precedence_policy,"[""2021-06-11""]",1511,337ba217-3990-41d0-b57d-d940391b499e,com.garmin.connect.mobile,[1510],"[""067844e1-7473-4cdb-bae8-00492d738928""]","[""com.strava.stravaride""]"
cluster-0251,c3a75670-7ea9-4ff3-b2b1-66472744fabd,other,source_precedence_policy,source_precedence_policy,"[""2021-06-16""]",1516,4ad995ed-cdfd-4abd-9d84-714a12b0386b,com.garmin.connect.mobile,[1517],"[""4d3305d0-9a3e-4a35-8a43-829aaaeea47d""]","[""com.strava.stravaride""]"
cluster-0252,c3a75670-7ea9-4ff3-b2b1-66472744fabd,other,source_precedence_policy,source_precedence_policy,"[""2021-06-18""]",1523,5377748b-37da-430f-9afe-caa0c67b64f5,com.garmin.connect.mobile,[1522],"[""192ac319-6965-4972-88e5-b4afb71b6973""]","[""com.strava.stravaride""]"
cluster-0253,c3a75670-7ea9-4ff3-b2b1-66472744fabd,other,source_precedence_policy,source_precedence_policy,"[""2021-06-23""]",1529,936e7d58-1c4f-448b-99a2-432ca3ccb5f6,com.garmin.connect.mobile,[1528],"[""754eec24-521e-4fc3-a7a3-04038028fe79""]","[""com.strava.stravaride""]"
cluster-0254,c3a75670-7ea9-4ff3-b2b1-66472744fabd,other,source_precedence_policy,source_precedence_policy,"[""2021-06-25""]",1533,ef5e72c2-15f0-451e-bea7-ccb62addc255,com.garmin.connect.mobile,[1532],"[""d4b45c1f-65cd-4871-ada7-e78c7c114a4d""]","[""com.strava.stravaride""]"
cluster-0255,c3a75670-7ea9-4ff3-b2b1-66472744fabd,other,source_precedence_policy,source_precedence_policy,"[""2021-06-30""]",1537,abbe87b7-46f5-4c5c-9541-fb4e0467fdce,com.garmin.connect.mobile,[1536],"[""82b660f4-c0c8-4ebf-8280-1278f7e5c90a""]","[""com.strava.stravaride""]"
cluster-0256,c3a75670-7ea9-4ff3-b2b1-66472744fabd,other,source_precedence_policy,source_precedence_policy,"[""2021-07-07""]",1547,f54a43dd-c38e-461f-8ad3-bd6ce76b4b9a,com.garmin.connect.mobile,[1546],"[""6188f8e4-66c7-406a-b365-19648fb0835d""]","[""com.strava.stravaride""]"
cluster-0257,c3a75670-7ea9-4ff3-b2b1-66472744fabd,other,source_precedence_policy,source_precedence_policy,"[""2021-07-09""]",1551,d52b2fb2-4a36-452c-8772-a3ba2c5a3998,com.garmin.connect.mobile,[1550],"[""7056c42c-f461-4392-ac92-1919d858a4c3""]","[""com.strava.stravaride""]"
cluster-0258,c3a75670-7ea9-4ff3-b2b1-66472744fabd,other,source_precedence_policy,source_precedence_policy,"[""2021-07-14""]",1563,3f6c725d-9695-4e88-b61b-8eb7a8e1db9d,com.garmin.connect.mobile,[1562],"[""36b20709-dd66-4229-adf0-2ba6f1cdc6a5""]","[""com.strava.stravaride""]"
cluster-0259,c3a75670-7ea9-4ff3-b2b1-66472744fabd,other,source_precedence_policy,source_precedence_policy,"[""2021-07-16""]",1566,27087bc1-dac6-49c2-9685-b48db177586b,com.garmin.connect.mobile,[1567],"[""b3396c8b-1953-4a17-8dc5-fa265ccb48d8""]","[""com.strava.stravaride""]"
cluster-0260,c3a75670-7ea9-4ff3-b2b1-66472744fabd,other,source_precedence_policy,source_precedence_policy,"[""2021-07-30""]",1588,46f224a1-cf1b-4d0d-82ec-dc39fa3a068d,com.garmin.connect.mobile,[1589],"[""8caf1e37-567f-4b62-9f95-eeb675c7ae89""]","[""com.strava.stravaride""]"
cluster-0261,c3a75670-7ea9-4ff3-b2b1-66472744fabd,other,source_precedence_policy,source_precedence_policy,"[""2021-08-04""]",1594,cd85c6cc-6ff5-4f38-a9cf-e2d7b556fcf4,com.garmin.connect.mobile,[1595],"[""eab30782-4dab-42ae-a979-895867b3f779""]","[""com.strava.stravaride""]"
cluster-0262,c3a75670-7ea9-4ff3-b2b1-66472744fabd,other,source_precedence_policy,source_precedence_policy,"[""2021-08-06""]",1597,7d5806c7-08a7-4216-a88c-fab37bdc5e5a,com.garmin.connect.mobile,[1596],"[""1e19c967-2bb1-4370-b5c4-7d49ced9db5b""]","[""com.strava.stravaride""]"
cluster-0263,c3a75670-7ea9-4ff3-b2b1-66472744fabd,other,source_precedence_policy,source_precedence_policy,"[""2021-09-01""]",1637,1f6cfbc4-783f-4927-992b-41f0c6d2b994,com.garmin.connect.mobile,[1638],"[""c62d9a3f-7848-4452-bbd5-84a70a27627e""]","[""com.strava.stravaride""]"
cluster-0264,c3a75670-7ea9-4ff3-b2b1-66472744fabd,other,source_precedence_policy,source_precedence_policy,"[""2021-09-03""]",1644,a4fd2210-baf2-4b66-96a7-a08d5bd7d71b,com.garmin.connect.mobile,[1643],"[""120b8917-8ed3-49cb-9d21-ca6ad953617a""]","[""com.strava.stravaride""]"
cluster-0265,c3a75670-7ea9-4ff3-b2b1-66472744fabd,other,source_precedence_policy,source_precedence_policy,"[""2021-09-08""]",1652,6080a186-d6dc-442d-b06f-698976e2da68,com.garmin.connect.mobile,[1651],"[""16b407be-83cc-4630-b5f3-888aa21778be""]","[""com.strava.stravaride""]"
cluster-0266,c3a75670-7ea9-4ff3-b2b1-66472744fabd,other,source_precedence_policy,source_precedence_policy,"[""2021-09-15""]",1664,e58a0390-b1b7-4da2-856f-c97f7242613f,com.garmin.connect.mobile,[1663],"[""25faf172-bc01-4f7d-972a-e1fb743f14e6""]","[""com.strava.stravaride""]"
cluster-0267,c3a75670-7ea9-4ff3-b2b1-66472744fabd,other,source_precedence_policy,source_precedence_policy,"[""2021-09-17""]",1670,ca33378b-9b3b-4624-9faa-f09bf5990677,com.garmin.connect.mobile,[1669],"[""5efd9ddd-c955-4e7d-9a0e-94abf8496864""]","[""com.strava.stravaride""]"
cluster-0268,c3a75670-7ea9-4ff3-b2b1-66472744fabd,other,source_precedence_policy,source_precedence_policy,"[""2021-09-22""]",1677,10fea29b-e1a7-4c72-b84a-7b44bdb9e31f,com.garmin.connect.mobile,[1678],"[""ec3467c3-f354-4b58-ab2d-06b2d31f2898""]","[""com.strava.stravaride""]"
cluster-0269,c3a75670-7ea9-4ff3-b2b1-66472744fabd,other,source_precedence_policy,source_precedence_policy,"[""2021-09-24""]",1681,6b5a06c4-bd78-4abe-a10e-3925a6dac0ff,com.garmin.connect.mobile,[1682],"[""6f5dffbb-4d9a-4108-b608-2695f4a551ba""]","[""com.strava.stravaride""]"
cluster-0270,c3a75670-7ea9-4ff3-b2b1-66472744fabd,other,source_precedence_policy,source_precedence_policy,"[""2021-09-29""]",1689,0d5aa6a8-6e24-4d42-be38-e5279b94b790,com.garmin.connect.mobile,[1690],"[""b4c64f89-7c97-40d0-996d-7b6a317dbb8b""]","[""com.strava.stravaride""]"
cluster-0271,c3a75670-7ea9-4ff3-b2b1-66472744fabd,other,source_precedence_policy,source_precedence_policy,"[""2021-10-01""]",1696,90069765-afd0-4af0-9251-d0517c32738f,com.garmin.connect.mobile,[1695],"[""4ff8029e-b492-4adb-9108-71fe47054b93""]","[""com.strava.stravaride""]"
cluster-0272,c3a75670-7ea9-4ff3-b2b1-66472744fabd,other,source_precedence_policy,source_precedence_policy,"[""2021-10-08""]",1701,e96e9f68-0ec9-439e-a54e-829d574ed359,com.garmin.connect.mobile,[1702],"[""f9338c1c-3ebf-44c4-944f-5169a998c481""]","[""com.strava.stravaride""]"
cluster-0273,c3a75670-7ea9-4ff3-b2b1-66472744fabd,other,source_precedence_policy,source_precedence_policy,"[""2021-10-13""]",1708,d6ac1f42-e243-42b5-aa03-512e064cebb3,com.garmin.connect.mobile,[1707],"[""1a7f3fe0-d30b-45b8-bb5b-d19bec60d09d""]","[""com.strava.stravaride""]"
cluster-0274,c3a75670-7ea9-4ff3-b2b1-66472744fabd,other,source_precedence_policy,source_precedence_policy,"[""2021-10-15""]",1713,3ea571a9-adc9-4c28-b92b-97e40e064274,com.garmin.connect.mobile,[1712],"[""2a9c57a4-32e0-4859-83ac-4a249f39472f""]","[""com.strava.stravaride""]"
cluster-0275,c3a75670-7ea9-4ff3-b2b1-66472744fabd,other,source_precedence_policy,source_precedence_policy,"[""2021-10-18""]",1715,eb19ac0e-14f6-4a32-81a6-4eb2c4639753,com.garmin.connect.mobile,[1714],"[""c2d76004-6e62-40a0-b63f-9e3953fb96bb""]","[""com.strava.stravaride""]"
cluster-0276,c3a75670-7ea9-4ff3-b2b1-66472744fabd,other,source_precedence_policy,source_precedence_policy,"[""2021-10-22""]",1721,44f969ac-6a42-4979-b558-c7c1cca6c3a1,com.garmin.connect.mobile,[1720],"[""1a7bdc7d-fde3-4626-8e78-4d02880c04b7""]","[""com.strava.stravaride""]"
cluster-0277,c3a75670-7ea9-4ff3-b2b1-66472744fabd,other,source_precedence_policy,source_precedence_policy,"[""2021-10-29""]",1729,6a481990-7d67-41c4-8ea3-ac71b6ba0b61,com.garmin.connect.mobile,[1730],"[""a48fb0ec-4d18-4fd2-a65a-679189f229ef""]","[""com.strava.stravaride""]"
cluster-0278,c3a75670-7ea9-4ff3-b2b1-66472744fabd,other,source_precedence_policy,source_precedence_policy,"[""2022-05-03""]",1896,4caef934-3605-4f4a-8ebb-cd70ed811231,com.garmin.connect.mobile,[1897],"[""b46ff92a-821c-488d-890c-76845a0a1407""]","[""com.strava.stravaride""]"
cluster-0279,c3a75670-7ea9-4ff3-b2b1-66472744fabd,other,source_precedence_policy,source_precedence_policy,"[""2022-05-13""]",1913,f4d48bd0-9adb-476a-8810-e00606ba8412,com.garmin.connect.mobile,[1912],"[""71f7f3d5-1a2d-4684-8b27-6ea3fadb019f""]","[""com.strava.stravaride""]"
cluster-0280,c3a75670-7ea9-4ff3-b2b1-66472744fabd,other,source_precedence_policy,source_precedence_policy,"[""2022-07-19""]",1971,b1eeb2c6-a081-4a62-ab30-e5a8a2535d80,com.garmin.connect.mobile,[1970],"[""a7b99137-6706-4506-9d3a-4ebf0313a112""]","[""com.strava.stravaride""]"
cluster-0281,c3a75670-7ea9-4ff3-b2b1-66472744fabd,other,source_precedence_policy,source_precedence_policy,"[""2022-07-26""]",1977,aa00640b-f60b-4851-983a-7caee7d14d97,com.garmin.connect.mobile,[1976],"[""1fbe30eb-2f78-48f0-8cf7-25c0e8a97a65""]","[""com.strava.stravaride""]"
cluster-0282,c3a75670-7ea9-4ff3-b2b1-66472744fabd,other,source_precedence_policy,source_precedence_policy,"[""2022-10-28""]",2079,fb7407cd-32a3-427b-8537-f28ed6d53ebe,com.garmin.connect.mobile,[2078],"[""19651a34-d842-4174-9ab9-86ddc17ba584""]","[""com.strava.stravaride""]"
cluster-0292,c3a75670-7ea9-4ff3-b2b1-66472744fabd,run,lowest_id_tiebreaker,baseline_auto_cleanup_rule,"[""2018-07-12""]",500,bd55cbaf-64ce-4306-b2ab-a5509598df0f,com.lifefitness.lfconnect,[501],"[""bc417ad4-b21b-4667-b0ad-62340516d18f""]","[""com.lifefitness.lfconnect""]"
cluster-0293,c3a75670-7ea9-4ff3-b2b1-66472744fabd,run,lowest_id_tiebreaker,baseline_auto_cleanup_rule,"[""2018-07-12""]",502,ddaa0389-681d-468a-b149-15cafd9b4bb5,com.lifefitness.lfconnect,[503],"[""4b6d5072-8b9a-46c6-901c-8d20b922425c""]","[""com.lifefitness.lfconnect""]"
cluster-0294,c3a75670-7ea9-4ff3-b2b1-66472744fabd,run,lowest_id_tiebreaker,baseline_auto_cleanup_rule,"[""2018-07-17""]",506,88b4b11e-7220-4dae-8c57-dd8cfa656d8d,com.lifefitness.lfconnect,[507],"[""2a56c992-83ab-47cc-93b5-67ea83d2396a""]","[""com.lifefitness.lfconnect""]"
cluster-0295,c3a75670-7ea9-4ff3-b2b1-66472744fabd,run,lowest_id_tiebreaker,baseline_auto_cleanup_rule,"[""2018-07-19""]",509,481404f5-bb74-464f-b4d9-f66a56488bae,com.lifefitness.lfconnect,[510],"[""ee508eba-853a-4b41-96d2-c0f215bc8543""]","[""com.lifefitness.lfconnect""]"
cluster-0296,c3a75670-7ea9-4ff3-b2b1-66472744fabd,run,lowest_id_tiebreaker,baseline_auto_cleanup_rule,"[""2018-07-19""]",512,457d4027-e64a-4299-ab6c-46fe22860c3d,com.lifefitness.lfconnect,[513],"[""9cae083d-ff4f-426c-9f95-e9a70c6e7c2c""]","[""com.lifefitness.lfconnect""]"
cluster-0297,c3a75670-7ea9-4ff3-b2b1-66472744fabd,run,lowest_id_tiebreaker,baseline_auto_cleanup_rule,"[""2018-07-19""]",514,9032347d-8e8d-41d5-bb9c-ac0d5e8ae75c,com.lifefitness.lfconnect,[515],"[""d9558d00-014d-4dff-ba28-a722bb56e82b""]","[""com.lifefitness.lfconnect""]"
cluster-0298,c3a75670-7ea9-4ff3-b2b1-66472744fabd,run,lowest_id_tiebreaker,baseline_auto_cleanup_rule,"[""2018-12-11""]",599,4fb20b7f-cdaf-43ef-9163-9aace3e1e700,com.lifefitness.lfconnect,[600],"[""a0f766cf-336a-4517-a4dc-07db0fe411ae""]","[""com.lifefitness.lfconnect""]"
cluster-0299,c3a75670-7ea9-4ff3-b2b1-66472744fabd,run,lowest_id_tiebreaker,baseline_auto_cleanup_rule,"[""2018-12-11""]",601,581db306-9a14-4a5f-b35e-bd0d91d59d4f,com.lifefitness.lfconnect,[602],"[""f7372313-07d2-43a7-b1de-e1356f15561e""]","[""com.lifefitness.lfconnect""]"
cluster-0300,c3a75670-7ea9-4ff3-b2b1-66472744fabd,run,lowest_id_tiebreaker,baseline_auto_cleanup_rule,"[""2018-12-27""]",609,7c6f401c-07d9-4cdb-b786-a4eb6860a546,com.lifefitness.lfconnect,[610],"[""ac8999c1-3c36-4efb-8fd6-9d18bc3021ca""]","[""com.lifefitness.lfconnect""]"
cluster-0303,c3a75670-7ea9-4ff3-b2b1-66472744fabd,run,lowest_id_tiebreaker,baseline_auto_cleanup_rule,"[""2019-07-04""]",730,c16c74cf-c9df-4dc3-94e6-b9659a3f8b3f,com.strava.stravaride,[731],"[""ea993e24-7075-4d22-afa6-4650ff3af58d""]","[""com.strava.stravaride""]"
cluster-0304,c3a75670-7ea9-4ff3-b2b1-66472744fabd,run,lowest_id_tiebreaker,baseline_auto_cleanup_rule,"[""2019-07-04""]",732,0b3b24d6-199a-4565-bc98-a0f510db52a1,com.strava.stravaride,[733],"[""1db20d8c-f22a-45a2-99e4-27f7d86d5c0e""]","[""com.strava.stravaride""]"
cluster-0305,c3a75670-7ea9-4ff3-b2b1-66472744fabd,run,lowest_id_tiebreaker,baseline_auto_cleanup_rule,"[""2019-07-06""]",734,29c15b23-fb44-4552-b1f9-b28e954f254e,com.strava.stravaride,[735],"[""cdd2b2ea-93fe-497d-a798-da2d8926b521""]","[""com.strava.stravaride""]"
cluster-0306,c3a75670-7ea9-4ff3-b2b1-66472744fabd,run,lowest_id_tiebreaker,baseline_auto_cleanup_rule,"[""2019-07-09""]",737,2d2b9e00-6326-4227-8569-95abb817fe5a,com.strava.stravaride,[738],"[""f8608641-da50-4d60-b54f-a5105e01fc3a""]","[""com.strava.stravaride""]"
cluster-0307,c3a75670-7ea9-4ff3-b2b1-66472744fabd,run,lowest_id_tiebreaker,baseline_auto_cleanup_rule,"[""2019-07-14""]",739,2cba4003-7aeb-4dfb-9e9a-6a66d529a686,com.strava.stravaride,[740],"[""aaf890e9-bdb6-483d-94a2-d0fe95e20099""]","[""com.strava.stravaride""]"
cluster-0308,c3a75670-7ea9-4ff3-b2b1-66472744fabd,run,lowest_id_tiebreaker,baseline_auto_cleanup_rule,"[""2019-07-16""]",746,c0ff5b08-82a8-403c-b45d-1734123e0168,com.strava.stravaride,[747],"[""c4a9f883-421b-4ba5-ba21-d46da9bbe9c9""]","[""com.strava.stravaride""]"
cluster-0309,c3a75670-7ea9-4ff3-b2b1-66472744fabd,run,lowest_id_tiebreaker,baseline_auto_cleanup_rule,"[""2019-07-20""]",750,54866166-7f26-4a0f-a40c-6ebc273b92e4,com.strava.stravaride,[751],"[""9b6ad2f2-390a-479b-90ed-412d9e9efa38""]","[""com.strava.stravaride""]"
cluster-0310,c3a75670-7ea9-4ff3-b2b1-66472744fabd,run,lowest_id_tiebreaker,baseline_auto_cleanup_rule,"[""2019-07-23""]",756,a8c5eba3-fe94-467d-89cf-7602c817fac9,com.strava.stravaride,[757],"[""def07bde-4c93-4415-baf0-51cb7535ada2""]","[""com.strava.stravaride""]"
cluster-0311,c3a75670-7ea9-4ff3-b2b1-66472744fabd,run,lowest_id_tiebreaker,baseline_auto_cleanup_rule,"[""2019-08-16""]",763,90b6e294-34ba-4be1-98a9-a244daa03717,com.strava.stravaride,[764],"[""9c546944-f8f8-4f74-a740-f118ad1c7cf7""]","[""com.strava.stravaride""]"
cluster-0314,c3a75670-7ea9-4ff3-b2b1-66472744fabd,run,lowest_id_tiebreaker,baseline_auto_cleanup_rule,"[""2019-10-06""]",788,2a5c43a5-88a2-4cf0-acd6-e4fa3b3ead11,com.strava.stravaride,[789],"[""a578fa35-89be-47fc-9644-ff2e6f64cb0d""]","[""com.strava.stravaride""]"
cluster-0318,c3a75670-7ea9-4ff3-b2b1-66472744fabd,run,lowest_id_tiebreaker,baseline_auto_cleanup_rule,"[""2019-12-04""]",829,286c881e-c48e-41f0-b64d-dd8e9889808b,com.strava.stravaride,[830],"[""6faf1759-43d4-41b4-8235-cafdb48a2338""]","[""com.strava.stravaride""]"
cluster-0319,c3a75670-7ea9-4ff3-b2b1-66472744fabd,run,lowest_id_tiebreaker,baseline_auto_cleanup_rule,"[""2020-01-09""]",846,1e46a1e3-eefe-4c56-adf1-573dc91974f0,com.strava.stravaride,[847],"[""de505db3-4b9a-4a60-befb-edec72c6086d""]","[""com.strava.stravaride""]"
cluster-0320,c3a75670-7ea9-4ff3-b2b1-66472744fabd,run,lowest_id_tiebreaker,baseline_auto_cleanup_rule,"[""2020-01-25""]",855,4520e03f-0ef0-4635-be18-71be2dee106b,com.strava.stravaride,[856],"[""ee614e7e-1005-4742-905e-1554c74e1b1f""]","[""com.strava.stravaride""]"
cluster-0323,c3a75670-7ea9-4ff3-b2b1-66472744fabd,run,lowest_id_tiebreaker,baseline_auto_cleanup_rule,"[""2020-03-28""]",887,c4961359-ebb6-45c1-a577-407182a70a2d,com.strava.stravaride,[888],"[""d2ba4986-be7d-49b0-a257-742ae23078db""]","[""com.strava.stravaride""]"
cluster-0324,c3a75670-7ea9-4ff3-b2b1-66472744fabd,run,lowest_id_tiebreaker,baseline_auto_cleanup_rule,"[""2020-03-29""]",889,0302ed58-301c-400e-8a53-57d9f5712d45,com.strava.stravaride,[890],"[""52d25538-1258-4ed4-8061-27e4f86efe2f""]","[""com.strava.stravaride""]"
cluster-0325,c3a75670-7ea9-4ff3-b2b1-66472744fabd,run,lowest_id_tiebreaker,baseline_auto_cleanup_rule,"[""2020-04-02""]",893,b4df5325-9d58-4f6a-b1c1-ae1dc300e36a,com.strava.stravaride,[894],"[""dd871d24-60d2-4bca-ab59-795c555280c9""]","[""com.strava.stravaride""]"
cluster-0328,c3a75670-7ea9-4ff3-b2b1-66472744fabd,run,lowest_id_tiebreaker,baseline_auto_cleanup_rule,"[""2020-04-11""]",901,b2064131-151f-4a4e-a8d7-25489cb89870,com.strava.stravaride,[902],"[""57004724-67c2-46ef-b0fb-1eba4c1dbc01""]","[""com.strava.stravaride""]"
cluster-0336,c3a75670-7ea9-4ff3-b2b1-66472744fabd,run,source_precedence_policy,source_precedence_policy,"[""2020-10-29""]",1070,20868ebe-cbca-4b34-b657-958af2a5a686,com.garmin.connect.mobile,[1071],"[""70b1b45c-1b90-4ba0-9382-e2adcd8ca166""]","[""com.strava.stravaride""]"
cluster-0337,c3a75670-7ea9-4ff3-b2b1-66472744fabd,run,source_precedence_policy,source_precedence_policy,"[""2020-11-09""]",1086,27c02124-4d62-417c-8413-60737530b5e1,com.garmin.connect.mobile,[1087],"[""6ccd0ce6-216c-42c7-a61f-f424754e5ba4""]","[""com.strava.stravaride""]"
cluster-0338,c3a75670-7ea9-4ff3-b2b1-66472744fabd,run,source_precedence_policy,source_precedence_policy,"[""2020-11-14""]",1094,4aa5699a-017c-457a-bdac-4b386ea72982,com.garmin.connect.mobile,[1095],"[""c41ec8d8-e76d-4a6c-8d4b-7ea9dda0653b""]","[""com.strava.stravaride""]"
cluster-0339,c3a75670-7ea9-4ff3-b2b1-66472744fabd,run,source_precedence_policy,source_precedence_policy,"[""2020-11-17""]",1098,a319b69d-bba4-4c49-9c48-e66ec9e12776,com.garmin.connect.mobile,[1099],"[""274b6edf-91ed-4cb2-9e12-2320fe2d7baa""]","[""com.strava.stravaride""]"
cluster-0340,c3a75670-7ea9-4ff3-b2b1-66472744fabd,run,source_precedence_policy,source_precedence_policy,"[""2020-11-19""]",1100,628cdc3b-42b1-4dd7-8730-1b0cc4615aaf,com.garmin.connect.mobile,[1101],"[""a77232ed-a62e-40a7-80f9-3cf92978547c""]","[""com.strava.stravaride""]"
cluster-0341,c3a75670-7ea9-4ff3-b2b1-66472744fabd,run,source_precedence_policy,source_precedence_policy,"[""2020-11-30""]",1110,dfdcadec-ebba-4b2e-9ee3-4721bc5d5653,com.garmin.connect.mobile,[1111],"[""671eac5d-b6be-43c1-975d-db1576408507""]","[""com.strava.stravaride""]"
cluster-0342,c3a75670-7ea9-4ff3-b2b1-66472744fabd,run,source_precedence_policy,source_precedence_policy,"[""2020-12-02""]",1112,f41ff1e4-16e4-4d98-8ab6-310b0e999194,com.garmin.connect.mobile,[1113],"[""0e320924-3e2c-45f9-a3e8-9a7b71382e77""]","[""com.strava.stravaride""]"
cluster-0343,c3a75670-7ea9-4ff3-b2b1-66472744fabd,run,source_precedence_policy,source_precedence_policy,"[""2020-12-03""]",1114,30bccfa3-5f81-49b5-a678-73fbb0114246,com.garmin.connect.mobile,[1115],"[""44a043c5-a7e3-4c61-85c9-998397a188a6""]","[""com.strava.stravaride""]"
cluster-0344,c3a75670-7ea9-4ff3-b2b1-66472744fabd,run,source_precedence_policy,source_precedence_policy,"[""2020-12-03""]",1116,18569dd1-a461-4525-b3f5-e978d467b315,com.garmin.connect.mobile,[1117],"[""c7468cdb-9dc8-4c19-a305-08bd9094b057""]","[""com.strava.stravaride""]"
cluster-0345,c3a75670-7ea9-4ff3-b2b1-66472744fabd,run,source_precedence_policy,source_precedence_policy,"[""2020-12-03""]",1119,c77ed784-f01a-480b-b96e-bf9cae93c2a5,com.garmin.connect.mobile,[1118],"[""16de28d5-d47c-4f9c-8e05-5ddc95e2e389""]","[""com.strava.stravaride""]"
cluster-0346,c3a75670-7ea9-4ff3-b2b1-66472744fabd,run,source_precedence_policy,source_precedence_policy,"[""2020-12-06""]",1121,6f4dc21f-5aba-4292-8c83-2d71f0ac2a58,com.garmin.connect.mobile,[1120],"[""39915d12-642b-406e-9234-d6df4e98d5ee""]","[""com.strava.stravaride""]"
cluster-0348,c3a75670-7ea9-4ff3-b2b1-66472744fabd,run,source_precedence_policy,source_precedence_policy,"[""2020-12-15""]",1132,55f9c4e2-fed7-4f66-bd3d-ea15736be294,com.garmin.connect.mobile,[1133],"[""15896b53-0f3e-4d1b-826e-54c6b2acefce""]","[""com.strava.stravaride""]"
cluster-0349,c3a75670-7ea9-4ff3-b2b1-66472744fabd,run,source_precedence_policy,source_precedence_policy,"[""2020-12-16""]",1135,9ba17eeb-cb96-4b6c-96cf-49a9d7c05e0a,com.garmin.connect.mobile,[1136],"[""8a8712e4-ec6a-4cfd-a67a-8c1c52468a56""]","[""com.strava.stravaride""]"
cluster-0350,c3a75670-7ea9-4ff3-b2b1-66472744fabd,run,lowest_id_tiebreaker,baseline_auto_cleanup_rule,"[""2020-12-27""]",1151,1829f16b-2f5d-4595-9ebf-563339705bcc,com.garmin.connect.mobile,[1152],"[""c1abca5c-a566-4a7b-85f1-8c0726a52119""]","[""com.garmin.connect.mobile""]"
cluster-0351,c3a75670-7ea9-4ff3-b2b1-66472744fabd,run,lowest_id_tiebreaker,baseline_auto_cleanup_rule,"[""2020-12-30""]",1156,e7a3e04c-7627-4eb5-bc81-0ec696a678c3,com.garmin.connect.mobile,[1157],"[""feed11bc-8dd0-4299-ad53-4785a9e65c70""]","[""com.garmin.connect.mobile""]"
cluster-0352,c3a75670-7ea9-4ff3-b2b1-66472744fabd,run,lowest_id_tiebreaker,baseline_auto_cleanup_rule,"[""2020-12-31""]",1159,1f0934bf-36c1-4830-b688-ca839e94d04a,com.garmin.connect.mobile,[1160],"[""a30ef056-8703-4a6c-a99c-73aff2f823d5""]","[""com.garmin.connect.mobile""]"
cluster-0353,c3a75670-7ea9-4ff3-b2b1-66472744fabd,run,lowest_id_tiebreaker,baseline_auto_cleanup_rule,"[""2021-01-02""]",1161,37ab5be5-d19a-4def-a8f0-1d0b867bb4bf,com.garmin.connect.mobile,[1162],"[""b7bb1961-9479-4e56-9375-066a2325f94c""]","[""com.garmin.connect.mobile""]"
cluster-0355,c3a75670-7ea9-4ff3-b2b1-66472744fabd,run,lowest_id_tiebreaker,baseline_auto_cleanup_rule,"[""2021-01-10""]",1189,3e362480-c23b-4ee5-b4e2-3e4b626720df,com.garmin.connect.mobile,[1191],"[""b710f13c-2a24-47d1-995f-04f6f2cf15ed""]","[""com.garmin.connect.mobile""]"
cluster-0356,c3a75670-7ea9-4ff3-b2b1-66472744fabd,run,source_precedence_policy,source_precedence_policy,"[""2021-01-12""]",1192,bf6265bb-6937-4fc5-a139-f0889aecc422,com.garmin.connect.mobile,[1193],"[""98f023c4-b588-4828-9b8c-8a9dbd6933c3""]","[""com.strava.stravaride""]"
cluster-0357,c3a75670-7ea9-4ff3-b2b1-66472744fabd,run,source_precedence_policy,source_precedence_policy,"[""2021-01-18""]",1202,b8140da2-db1a-4fea-aa80-17aead982be4,com.garmin.connect.mobile,[1203],"[""dda2e46c-90c0-4329-86a8-5c71e0259fb4""]","[""com.strava.stravaride""]"
cluster-0358,c3a75670-7ea9-4ff3-b2b1-66472744fabd,run,lowest_id_tiebreaker,baseline_auto_cleanup_rule,"[""2021-01-23""]",1221,7f52df29-0f9c-4bf0-86ed-bbf5946ed1b2,com.garmin.connect.mobile,[1222],"[""c9611b3b-a32d-4c2f-a027-40875803384f""]","[""com.garmin.connect.mobile""]"
cluster-0361,c3a75670-7ea9-4ff3-b2b1-66472744fabd,run,lowest_id_tiebreaker,baseline_auto_cleanup_rule,"[""2021-02-20""]",1288,cb9fab48-fcb8-4a8c-8c05-7f11552088c4,com.garmin.connect.mobile,[1289],"[""f86fd8a9-45c4-4213-9f56-42b4409d5ecc""]","[""com.garmin.connect.mobile""]"
cluster-0363,c3a75670-7ea9-4ff3-b2b1-66472744fabd,run,source_precedence_policy,source_precedence_policy,"[""2021-02-25""]",1306,f31d7335-344d-446c-b80e-95bf409f0469,com.garmin.connect.mobile,[1305],"[""bd5282e7-a5d7-484e-bdbd-095c49359e5e""]","[""com.strava.stravaride""]"
cluster-0364,c3a75670-7ea9-4ff3-b2b1-66472744fabd,run,lowest_id_tiebreaker,baseline_auto_cleanup_rule,"[""2021-02-28""]",1311,6d3759cf-90a2-4341-93fd-7a8fd71a9917,com.garmin.connect.mobile,[1312],"[""86f91b88-8873-4295-996b-5f9589708358""]","[""com.garmin.connect.mobile""]"
cluster-0366,c3a75670-7ea9-4ff3-b2b1-66472744fabd,run,lowest_id_tiebreaker,baseline_auto_cleanup_rule,"[""2021-03-14""]",1342,362b3214-a5bd-42ec-a38b-9a4e72107ed5,com.garmin.connect.mobile,[1343],"[""4aae895c-2937-478b-98df-8db645283e54""]","[""com.garmin.connect.mobile""]"
cluster-0369,c3a75670-7ea9-4ff3-b2b1-66472744fabd,run,source_precedence_policy,source_precedence_policy,"[""2021-03-30""]",1383,2f2e3851-a17a-43ba-8635-60353c56d6d8,com.garmin.connect.mobile,[1384],"[""a8d88168-d0f1-4d7a-afff-1fc138ae6047""]","[""com.strava.stravaride""]"
cluster-0370,c3a75670-7ea9-4ff3-b2b1-66472744fabd,run,source_precedence_policy,source_precedence_policy,"[""2021-04-01""]",1387,0f4e61f9-590c-4706-adb8-30df27219c7c,com.garmin.connect.mobile,[1388],"[""4ae03664-1cf0-4b50-b782-39c3187431ec""]","[""com.strava.stravaride""]"
cluster-0371,c3a75670-7ea9-4ff3-b2b1-66472744fabd,run,source_precedence_policy,source_precedence_policy,"[""2021-04-06""]",1395,13747db0-b43c-450f-bea6-fb2dfb80972e,com.garmin.connect.mobile,[1396],"[""25de1a36-14d8-4de2-b5e3-54dacaad0e6b""]","[""com.strava.stravaride""]"
cluster-0372,c3a75670-7ea9-4ff3-b2b1-66472744fabd,run,source_precedence_policy,source_precedence_policy,"[""2021-04-08""]",1399,f02c332c-8def-4912-905c-15855a21d671,com.garmin.connect.mobile,[1400],"[""e07a5579-f9eb-430d-b538-0e8343e9c6d7""]","[""com.strava.stravaride""]"
cluster-0373,c3a75670-7ea9-4ff3-b2b1-66472744fabd,run,source_precedence_policy,source_precedence_policy,"[""2021-04-13""]",1407,d0bfcc21-e475-4e4d-839d-dcdeaac17b09,com.garmin.connect.mobile,[1408],"[""8b3610cd-3434-4539-9553-5947b26ab3aa""]","[""com.strava.stravaride""]"
cluster-0374,c3a75670-7ea9-4ff3-b2b1-66472744fabd,run,source_precedence_policy,source_precedence_policy,"[""2021-04-20""]",1417,7888b84e-5e42-42ef-a591-1edfe64b02fa,com.garmin.connect.mobile,[1418],"[""21fc7fa3-2c0a-4c81-9bf3-142340d08f1c""]","[""com.strava.stravaride""]"
cluster-0375,c3a75670-7ea9-4ff3-b2b1-66472744fabd,run,source_precedence_policy,source_precedence_policy,"[""2021-04-24""]",1423,ab8a4420-f303-4301-9c70-83fb7d819234,com.garmin.connect.mobile,[1424],"[""36e726db-ab27-4598-b310-1a2a9c47b441""]","[""com.strava.stravaride""]"
cluster-0376,c3a75670-7ea9-4ff3-b2b1-66472744fabd,run,source_precedence_policy,source_precedence_policy,"[""2021-04-27""]",1425,2bf5601e-d2dd-4cc7-ac8e-816abe4524e2,com.garmin.connect.mobile,[1426],"[""7f0867ce-bfbd-43fa-a33e-fb9d0395c2ef""]","[""com.strava.stravaride""]"
cluster-0377,c3a75670-7ea9-4ff3-b2b1-66472744fabd,run,source_precedence_policy,source_precedence_policy,"[""2021-04-29""]",1429,fdae7e5c-275d-4c35-9016-5ba96e58cfd8,com.garmin.connect.mobile,[1430],"[""44cb54d2-ec06-4930-9cf4-8552d40794cf""]","[""com.strava.stravaride""]"
cluster-0378,c3a75670-7ea9-4ff3-b2b1-66472744fabd,run,source_precedence_policy,source_precedence_policy,"[""2021-05-04""]",1438,d6cba378-4978-46d4-9a88-8907350dcf67,com.garmin.connect.mobile,[1439],"[""085be05b-5163-4a15-8f10-09325b076909""]","[""com.strava.stravaride""]"
cluster-0379,c3a75670-7ea9-4ff3-b2b1-66472744fabd,run,source_precedence_policy,source_precedence_policy,"[""2021-05-06""]",1442,b1f78177-32e0-4250-a7f4-b9293c247a53,com.garmin.connect.mobile,[1443],"[""c18add9e-660d-4d41-924f-bbc30f4a77a4""]","[""com.strava.stravaride""]"
cluster-0380,c3a75670-7ea9-4ff3-b2b1-66472744fabd,run,source_precedence_policy,source_precedence_policy,"[""2021-05-11""]",1446,0fad1010-d6be-4483-826f-1a515ae1d8c8,com.garmin.connect.mobile,[1447],"[""9fcb14de-f4a7-4281-b21b-64fc102b14e2""]","[""com.strava.stravaride""]"
cluster-0381,c3a75670-7ea9-4ff3-b2b1-66472744fabd,run,source_precedence_policy,source_precedence_policy,"[""2021-05-13""]",1448,9f28d160-5063-4c72-be64-a8115c0917f1,com.garmin.connect.mobile,[1449],"[""1148183c-e0eb-49f1-aa1f-c1978bedae69""]","[""com.strava.stravaride""]"
cluster-0382,c3a75670-7ea9-4ff3-b2b1-66472744fabd,run,source_precedence_policy,source_precedence_policy,"[""2021-05-18""]",1456,a30658e6-216c-41f2-9fc7-e71fa9b897c3,com.garmin.connect.mobile,[1457],"[""d6c5e20f-b624-4ca5-8f95-ce1afeec4361""]","[""com.strava.stravaride""]"
cluster-0383,c3a75670-7ea9-4ff3-b2b1-66472744fabd,run,source_precedence_policy,source_precedence_policy,"[""2021-05-20""]",1460,c0a74e99-e661-4054-8247-6eb74690ce1d,com.garmin.connect.mobile,[1461],"[""3ec81815-c8ef-452a-9e09-517007b03655""]","[""com.strava.stravaride""]"
cluster-0384,c3a75670-7ea9-4ff3-b2b1-66472744fabd,run,source_precedence_policy,source_precedence_policy,"[""2021-05-27""]",1477,92108cd5-f97e-4c01-970c-ee51b614b042,com.garmin.connect.mobile,[1478],"[""86c52edc-1be1-4484-9622-0d713a41dd58""]","[""com.strava.stravaride""]"
cluster-0385,c3a75670-7ea9-4ff3-b2b1-66472744fabd,run,source_precedence_policy,source_precedence_policy,"[""2021-06-15""]",1514,739e447b-f7c7-4e74-9619-93d8fe5297a9,com.garmin.connect.mobile,[1515],"[""fca43296-563c-4131-be27-0c5dceaea7c2""]","[""com.strava.stravaride""]"
cluster-0386,c3a75670-7ea9-4ff3-b2b1-66472744fabd,run,source_precedence_policy,source_precedence_policy,"[""2021-06-17""]",1519,5c6fb3a7-b5fd-4b3a-92cf-4f943981fa73,com.garmin.connect.mobile,[1518],"[""51a44c93-f3d1-4dc2-8e71-6542ebe1ba6d""]","[""com.strava.stravaride""]"
cluster-0387,c3a75670-7ea9-4ff3-b2b1-66472744fabd,run,source_precedence_policy,source_precedence_policy,"[""2021-06-17""]",1520,ee12686e-f80a-4c0d-82e6-633c88521941,com.garmin.connect.mobile,[1521],"[""6bad7e76-5f87-476e-8ee5-6ad86e0fab0e""]","[""com.strava.stravaride""]"
cluster-0388,c3a75670-7ea9-4ff3-b2b1-66472744fabd,run,source_precedence_policy,source_precedence_policy,"[""2021-06-20""]",1524,34121ecc-f0e2-4a7c-92db-8e07d1fc9d96,com.garmin.connect.mobile,[1525],"[""0906fb52-8981-42c4-97e5-2d872682ace0""]","[""com.strava.stravaride""]"
cluster-0389,c3a75670-7ea9-4ff3-b2b1-66472744fabd,run,source_precedence_policy,source_precedence_policy,"[""2021-07-03""]",1539,feaa4b98-744a-474b-ab2b-164ed2f07292,com.garmin.connect.mobile,[1538],"[""a459cbea-a125-4565-8fa5-da564a41fa5e""]","[""com.strava.stravaride""]"
cluster-0390,c3a75670-7ea9-4ff3-b2b1-66472744fabd,run,source_precedence_policy,source_precedence_policy,"[""2021-07-13""]",1558,d5392728-e169-470c-a2f1-dfbf1ea1eac6,com.garmin.connect.mobile,[1559],"[""67e4cfd1-0fe5-4473-9001-51a3cf56e539""]","[""com.strava.stravaride""]"
cluster-0391,c3a75670-7ea9-4ff3-b2b1-66472744fabd,run,source_precedence_policy,source_precedence_policy,"[""2021-07-15""]",1564,5502fbec-2bff-4e49-9fdf-4e8cda039b68,com.garmin.connect.mobile,[1565],"[""77dc4be2-7ba9-4a28-9eaf-9e3be9595614""]","[""com.strava.stravaride""]"
cluster-0392,c3a75670-7ea9-4ff3-b2b1-66472744fabd,run,source_precedence_policy,source_precedence_policy,"[""2021-07-25""]",1581,c6bbe944-268e-4990-844e-09d11de38ec8,com.garmin.connect.mobile,[1582],"[""9f2ebc03-c81a-4516-9dfa-b9ee5c90933c""]","[""com.strava.stravaride""]"
cluster-0393,c3a75670-7ea9-4ff3-b2b1-66472744fabd,run,source_precedence_policy,source_precedence_policy,"[""2021-07-27""]",1584,86f55763-abf0-4d23-a99d-3b58f5901d03,com.garmin.connect.mobile,[1585],"[""68c1884c-0845-42af-861f-e93ff3afd954""]","[""com.strava.stravaride""]"
cluster-0394,c3a75670-7ea9-4ff3-b2b1-66472744fabd,run,source_precedence_policy,source_precedence_policy,"[""2021-07-29""]",1586,13d42dc9-fc7e-45bd-abdb-767ea7592999,com.garmin.connect.mobile,[1587],"[""af5cb99d-56f1-447c-b2cb-f8d8d91f99b8""]","[""com.strava.stravaride""]"
cluster-0395,c3a75670-7ea9-4ff3-b2b1-66472744fabd,run,source_precedence_policy,source_precedence_policy,"[""2021-08-03""]",1592,364261ff-4096-4f06-8bd0-9ac0a4f51254,com.garmin.connect.mobile,[1593],"[""c2817376-aebd-4f08-b37a-7a6c55ae4482""]","[""com.strava.stravaride""]"
cluster-0396,c3a75670-7ea9-4ff3-b2b1-66472744fabd,run,source_precedence_policy,source_precedence_policy,"[""2021-08-10""]",1600,66b23329-50fb-4e70-8031-937f06583dd4,com.garmin.connect.mobile,[1601],"[""61f51f35-b43e-4736-a05b-7f07185c7418""]","[""com.strava.stravaride""]"
cluster-0397,c3a75670-7ea9-4ff3-b2b1-66472744fabd,run,source_precedence_policy,source_precedence_policy,"[""2021-08-12""]",1604,3f8af1ae-df30-4b85-a866-c2c7c7097274,com.garmin.connect.mobile,[1605],"[""5d131cd5-e692-48f0-b4f3-1b1780fdb771""]","[""com.strava.stravaride""]"
cluster-0398,c3a75670-7ea9-4ff3-b2b1-66472744fabd,run,source_precedence_policy,source_precedence_policy,"[""2021-08-22""]",1621,5f1fb7e2-d7a7-4b29-a5de-f86ac8539557,com.garmin.connect.mobile,[1622],"[""a55bea85-5b60-463a-983b-e4b754879cf9""]","[""com.strava.stravaride""]"
cluster-0399,c3a75670-7ea9-4ff3-b2b1-66472744fabd,run,source_precedence_policy,source_precedence_policy,"[""2021-08-24""]",1623,7ff5f7fa-6455-4e71-8f37-1e215653c953,com.garmin.connect.mobile,[1624],"[""505052e7-3e7e-4467-9310-a8b6b049e0ce""]","[""com.strava.stravaride""]"
cluster-0400,c3a75670-7ea9-4ff3-b2b1-66472744fabd,run,source_precedence_policy,source_precedence_policy,"[""2021-09-07""]",1649,1e0786fb-f64d-4456-911d-60acee4068f0,com.garmin.connect.mobile,[1650],"[""80aa9b25-d1cf-42b7-afae-49e87cb97da6""]","[""com.strava.stravaride""]"
cluster-0401,c3a75670-7ea9-4ff3-b2b1-66472744fabd,run,source_precedence_policy,source_precedence_policy,"[""2021-09-09""]",1653,e9ee38ad-f648-4d4b-9c9a-39189df87077,com.garmin.connect.mobile,[1654],"[""10d7a6f7-94e0-4429-80a8-80e4b722cebf""]","[""com.strava.stravaride""]"
cluster-0402,c3a75670-7ea9-4ff3-b2b1-66472744fabd,run,source_precedence_policy,source_precedence_policy,"[""2021-09-12""]",1657,f4883176-c585-44c5-8717-adc8239b7cb9,com.garmin.connect.mobile,[1658],"[""065ca16f-2c7b-4fd4-a4d0-6af3f78029d3""]","[""com.strava.stravaride""]"
cluster-0403,c3a75670-7ea9-4ff3-b2b1-66472744fabd,run,source_precedence_policy,source_precedence_policy,"[""2021-09-14""]",1661,36d858d7-c7b7-47df-adc6-b5474b256e30,com.garmin.connect.mobile,[1662],"[""921cc315-b1a0-4d93-a374-0b46c91e1243""]","[""com.strava.stravaride""]"
cluster-0404,c3a75670-7ea9-4ff3-b2b1-66472744fabd,run,source_precedence_policy,source_precedence_policy,"[""2021-09-16""]",1667,5e65e6da-2804-4079-ae4d-76b4a26ba7b3,com.garmin.connect.mobile,[1668],"[""79770007-6c32-4aa2-928f-32c25284181d""]","[""com.strava.stravaride""]"
cluster-0405,c3a75670-7ea9-4ff3-b2b1-66472744fabd,run,source_precedence_policy,source_precedence_policy,"[""2021-09-18""]",1671,37599fcb-2404-470c-99a9-3fb844a958d2,com.garmin.connect.mobile,[1672],"[""21e92ec1-ed2e-4499-aa03-826db3da2bbc""]","[""com.strava.stravaride""]"
cluster-0406,c3a75670-7ea9-4ff3-b2b1-66472744fabd,run,source_precedence_policy,source_precedence_policy,"[""2021-09-23""]",1679,93db416f-9f9a-4d96-a939-1b8c27753c8b,com.garmin.connect.mobile,[1680],"[""0d5480da-0891-41c0-af41-10dee1b1db04""]","[""com.strava.stravaride""]"
cluster-0407,c3a75670-7ea9-4ff3-b2b1-66472744fabd,run,source_precedence_policy,source_precedence_policy,"[""2021-09-26""]",1683,eae8828d-aa46-4f12-88b6-f48fa89bb846,com.garmin.connect.mobile,[1684],"[""a992aa44-4859-4c2c-9e73-4f8dcea04957""]","[""com.strava.stravaride""]"
cluster-0408,c3a75670-7ea9-4ff3-b2b1-66472744fabd,run,source_precedence_policy,source_precedence_policy,"[""2021-09-28""]",1687,2ef7c73d-1ea0-4ce3-96a9-8672f180aa76,com.garmin.connect.mobile,[1688],"[""6dfd8c8a-d9d9-466b-81e3-9f1b71e4b82a""]","[""com.strava.stravaride""]"
cluster-0409,c3a75670-7ea9-4ff3-b2b1-66472744fabd,run,source_precedence_policy,source_precedence_policy,"[""2021-09-30""]",1693,47ec2311-7daa-4d03-947f-5936eaa03301,com.garmin.connect.mobile,[1694],"[""83e5e4eb-cc0c-48c6-9219-58220ccdb075""]","[""com.strava.stravaride""]"
cluster-0410,c3a75670-7ea9-4ff3-b2b1-66472744fabd,run,source_precedence_policy,source_precedence_policy,"[""2021-10-03""]",1698,5581edf7-df14-4892-82d2-3ea80e03b863,com.garmin.connect.mobile,[1697],"[""067e1edc-b33b-41ef-8064-9847ca41499d""]","[""com.strava.stravaride""]"
cluster-0411,c3a75670-7ea9-4ff3-b2b1-66472744fabd,run,source_precedence_policy,source_precedence_policy,"[""2021-10-03""]",1699,9b8a30d5-5871-45f9-941b-93826dd6e3a5,com.garmin.connect.mobile,[1700],"[""ba2273d4-0542-4782-b234-ce55a0f929ab""]","[""com.strava.stravaride""]"
cluster-0412,c3a75670-7ea9-4ff3-b2b1-66472744fabd,run,source_precedence_policy,source_precedence_policy,"[""2021-10-09""]",1704,f7b94e9b-2149-4cd5-91d6-ef18b23a2209,com.garmin.connect.mobile,[1703],"[""58e20dd1-e9f7-47ac-ae45-c66ace27ba4c""]","[""com.strava.stravaride""]"
cluster-0413,c3a75670-7ea9-4ff3-b2b1-66472744fabd,run,source_precedence_policy,source_precedence_policy,"[""2021-10-19""]",1716,581748a5-20fd-408b-aaa9-eb61df969126,com.garmin.connect.mobile,[1717],"[""c5cb3b1d-f40d-4f1a-889d-c81d97de5fad""]","[""com.strava.stravaride""]"
cluster-0415,c3a75670-7ea9-4ff3-b2b1-66472744fabd,run,source_precedence_policy,source_precedence_policy,"[""2021-10-28""]",1727,848053c1-3cb0-4d31-8f66-fea312ce24fc,com.garmin.connect.mobile,[1728],"[""a7edfaa7-1c42-4a1b-a328-60f0fcc0ccd6""]","[""com.strava.stravaride""]"
cluster-0416,c3a75670-7ea9-4ff3-b2b1-66472744fabd,run,source_precedence_policy,source_precedence_policy,"[""2021-10-31""]",1738,85b9c3c7-e473-4ba0-a46c-26d99ca6d949,com.garmin.connect.mobile,[1737],"[""0f2ea2e3-687b-4ba6-9580-fc05ed098808""]","[""com.strava.stravaride""]"
cluster-0417,c3a75670-7ea9-4ff3-b2b1-66472744fabd,run,source_precedence_policy,source_precedence_policy,"[""2021-11-02""]",1742,2ae6c8d9-017d-4d5a-8b95-f69018f3d8f3,com.garmin.connect.mobile,[1743],"[""748c2662-f570-43df-b1ef-4bdefc497ac5""]","[""com.strava.stravaride""]"
cluster-0418,c3a75670-7ea9-4ff3-b2b1-66472744fabd,run,source_precedence_policy,source_precedence_policy,"[""2021-11-09""]",1746,bbc71e46-1fe5-40a1-8f53-421507e1f399,com.garmin.connect.mobile,[1747],"[""3eb1b57f-0c68-4de8-8e6b-648817bbcf6c""]","[""com.strava.stravaride""]"
cluster-0419,c3a75670-7ea9-4ff3-b2b1-66472744fabd,run,source_precedence_policy,source_precedence_policy,"[""2021-11-16""]",1754,9a27f2d6-9acd-4720-ad1d-7d745f8da8c5,com.garmin.connect.mobile,[1755],"[""513e1f4e-cff5-4054-b621-30a30b242459""]","[""com.strava.stravaride""]"
cluster-0420,c3a75670-7ea9-4ff3-b2b1-66472744fabd,run,source_precedence_policy,source_precedence_policy,"[""2021-11-18""]",1759,ca597c49-4e7a-44a6-9b08-9b665ff885b0,com.garmin.connect.mobile,[1760],"[""31f5a65c-7d0b-42f8-8157-052138bcf8a3""]","[""com.strava.stravaride""]"
cluster-0422,c3a75670-7ea9-4ff3-b2b1-66472744fabd,run,source_precedence_policy,source_precedence_policy,"[""2022-01-23""]",1797,9be36e79-32a8-484c-b57a-9554b787be61,com.garmin.connect.mobile,[1796],"[""38c360cc-f9fb-400c-a27d-f115275d670f""]","[""com.strava.stravaride""]"
cluster-0423,c3a75670-7ea9-4ff3-b2b1-66472744fabd,run,source_precedence_policy,source_precedence_policy,"[""2022-01-30""]",1800,a44bdf2c-ec93-4f2e-9130-66de8e79537d,com.garmin.connect.mobile,[1801],"[""d123c5bb-dde5-4c9f-b15f-976f6404e4f9""]","[""com.strava.stravaride""]"
cluster-0424,c3a75670-7ea9-4ff3-b2b1-66472744fabd,run,source_precedence_policy,source_precedence_policy,"[""2022-02-04""]",1805,ea284f16-e7b9-40ea-a0c6-7d5c4a360973,com.garmin.connect.mobile,[1804],"[""a31eff92-86d3-4418-bd46-074a46acbc08""]","[""com.strava.stravaride""]"
cluster-0425,c3a75670-7ea9-4ff3-b2b1-66472744fabd,run,source_precedence_policy,source_precedence_policy,"[""2022-02-09""]",1808,454b6bad-9019-4918-84c2-f912f1b36fd2,com.garmin.connect.mobile,[1809],"[""97552f67-2141-41f1-9b63-f0c260f4baad""]","[""com.strava.stravaride""]"
cluster-0426,c3a75670-7ea9-4ff3-b2b1-66472744fabd,run,source_precedence_policy,source_precedence_policy,"[""2022-02-13""]",1810,3044e923-79d5-4cea-8563-64ca9b32d26d,com.garmin.connect.mobile,[1811],"[""b914f0fb-b4d3-408c-8230-e5121dae98ca""]","[""com.strava.stravaride""]"
cluster-0431,c3a75670-7ea9-4ff3-b2b1-66472744fabd,run,source_precedence_policy,source_precedence_policy,"[""2022-02-28""]",1825,b2d9017d-80d1-437a-8dad-851b7a4f76bb,com.garmin.connect.mobile,[1824],"[""80d2cab2-1f1f-47a3-a25b-3de28e60f7ad""]","[""com.strava.stravaride""]"
cluster-0432,c3a75670-7ea9-4ff3-b2b1-66472744fabd,run,source_precedence_policy,source_precedence_policy,"[""2022-03-02""]",1828,d6df0362-aa17-497a-81d9-cafa37c47bf0,com.garmin.connect.mobile,[1829],"[""e3bc1b93-0a03-43ea-81d2-ee789f7ce842""]","[""com.strava.stravaride""]"
cluster-0434,c3a75670-7ea9-4ff3-b2b1-66472744fabd,run,source_precedence_policy,source_precedence_policy,"[""2022-04-03""]",1863,21fe300d-dd85-4a53-945f-4c4cd91ed744,com.garmin.connect.mobile,[1864],"[""9bbbd43a-facf-4340-a431-139b489cb118""]","[""com.strava.stravaride""]"
cluster-0435,c3a75670-7ea9-4ff3-b2b1-66472744fabd,run,source_precedence_policy,source_precedence_policy,"[""2022-04-20""]",1875,aedead1c-6500-4388-b41c-b6017acb0bc3,com.garmin.connect.mobile,[1876],"[""aeba7bdb-22a7-48b3-9f9c-4673bc074782""]","[""com.strava.stravaride""]"
cluster-0436,c3a75670-7ea9-4ff3-b2b1-66472744fabd,run,source_precedence_policy,source_precedence_policy,"[""2022-04-22""]",1877,f9dcba97-b993-4438-ae05-2e5f6f2b4608,com.garmin.connect.mobile,[1878],"[""a6026352-9ede-4056-b173-2908b84004c7""]","[""com.strava.stravaride""]"
cluster-0437,c3a75670-7ea9-4ff3-b2b1-66472744fabd,run,source_precedence_policy,source_precedence_policy,"[""2022-04-24""]",1879,bc4da274-9904-41d1-bd7c-0d4c11f1ad79,com.garmin.connect.mobile,[1880],"[""eff5a6f2-546f-4f40-bc38-7220d8355ce5""]","[""com.strava.stravaride""]"
cluster-0438,c3a75670-7ea9-4ff3-b2b1-66472744fabd,run,source_precedence_policy,source_precedence_policy,"[""2022-04-28""]",1890,f96eccb7-bac5-481a-84aa-ef22173e05db,com.garmin.connect.mobile,[1891],"[""139a63e6-9d24-46a3-9bd8-9f69d0dce405""]","[""com.strava.stravaride""]"
cluster-0439,c3a75670-7ea9-4ff3-b2b1-66472744fabd,run,source_precedence_policy,source_precedence_policy,"[""2022-05-02""]",1894,34d41342-9bc4-4cae-b33e-77b046be40f0,com.garmin.connect.mobile,[1895],"[""64640cc2-ce75-48ec-bcd9-b545c2972a7e""]","[""com.strava.stravaride""]"
cluster-0440,c3a75670-7ea9-4ff3-b2b1-66472744fabd,run,source_precedence_policy,source_precedence_policy,"[""2022-05-04""]",1904,68b76c08-98d9-4543-a234-9f6dfe3f1915,com.garmin.connect.mobile,[1905],"[""002ab369-bb94-4bb4-9748-c8d9b0ef5f7f""]","[""com.strava.stravaride""]"
cluster-0441,c3a75670-7ea9-4ff3-b2b1-66472744fabd,run,source_precedence_policy,source_precedence_policy,"[""2022-05-09""]",1906,bf96ac69-cb46-4b3e-b00a-5bb3c68ad17c,com.garmin.connect.mobile,[1907],"[""2c3cf591-74f6-4878-a587-5cf87cb27ca7""]","[""com.strava.stravaride""]"
cluster-0442,c3a75670-7ea9-4ff3-b2b1-66472744fabd,run,source_precedence_policy,source_precedence_policy,"[""2022-05-20""]",1915,2efdc87c-c8c0-4719-aa8c-f5e165ee5262,com.garmin.connect.mobile,[1914],"[""252fe773-4229-46e3-859b-f2ca1043e8c6""]","[""com.strava.stravaride""]"
cluster-0443,c3a75670-7ea9-4ff3-b2b1-66472744fabd,run,source_precedence_policy,source_precedence_policy,"[""2022-05-20""]",1916,17169acb-ef26-4690-b143-671520c388ef,com.garmin.connect.mobile,[1917],"[""ee1df73b-361d-4c32-a3df-61f44f329353""]","[""com.strava.stravaride""]"
cluster-0444,c3a75670-7ea9-4ff3-b2b1-66472744fabd,run,source_precedence_policy,source_precedence_policy,"[""2022-05-21""]",1918,612cadc1-d454-4bb0-a033-2d8b37673c85,com.garmin.connect.mobile,[1919],"[""abb7de97-65cf-4299-b7de-bf2362e7ca81""]","[""com.strava.stravaride""]"
cluster-0446,c3a75670-7ea9-4ff3-b2b1-66472744fabd,run,source_precedence_policy,source_precedence_policy,"[""2022-06-29""]",1951,a63ef334-d32d-4a27-b92e-855d6680c1a5,com.garmin.connect.mobile,[1952],"[""28ce80c3-0a02-4ad7-a911-db6eadb912b3""]","[""com.strava.stravaride""]"
cluster-0448,c3a75670-7ea9-4ff3-b2b1-66472744fabd,run,source_precedence_policy,source_precedence_policy,"[""2022-07-08""]",1959,469b61f6-4811-42aa-973b-b5bc4b4efb2a,com.garmin.connect.mobile,[1960],"[""9e127351-74ce-434a-9d70-b38714733da4""]","[""com.strava.stravaride""]"
cluster-0450,c3a75670-7ea9-4ff3-b2b1-66472744fabd,run,source_precedence_policy,source_precedence_policy,"[""2022-09-09""]",2018,f3eb86ee-42a7-457b-ab7b-2e0861fd981b,com.garmin.connect.mobile,[2019],"[""c0010f1a-228b-4518-bcfb-7f9d407e1a94""]","[""com.strava.stravaride""]"
cluster-0452,c3a75670-7ea9-4ff3-b2b1-66472744fabd,run,source_precedence_policy,source_precedence_policy,"[""2022-09-22""]",2034,250d79bd-7a74-40f1-80a4-fc94248fb524,com.garmin.connect.mobile,[2035],"[""0f858d83-56ef-4acb-bd91-720b19a54d3b""]","[""com.strava.stravaride""]"
cluster-0453,c3a75670-7ea9-4ff3-b2b1-66472744fabd,run,source_precedence_policy,source_precedence_policy,"[""2022-10-06""]",2054,d23ba3e7-4578-4de2-b3cc-f4f5664a3556,com.garmin.connect.mobile,[2055],"[""c248f321-3657-4fce-8054-c6adedaacf08""]","[""com.strava.stravaride""]"
cluster-0454,c3a75670-7ea9-4ff3-b2b1-66472744fabd,run,source_precedence_policy,source_precedence_policy,"[""2022-10-08""]",2058,2ad7e573-665f-4a0c-9709-06b200ec2917,com.garmin.connect.mobile,[2059],"[""ff3c6d56-8f05-482e-a173-0b974d6ee50c""]","[""com.strava.stravaride""]"
cluster-0455,c3a75670-7ea9-4ff3-b2b1-66472744fabd,run,source_precedence_policy,source_precedence_policy,"[""2022-10-24""]",2067,85b522e4-1884-4378-8063-2aaa9fef5651,com.garmin.connect.mobile,[2068],"[""5c9c988e-950c-467e-b45e-bea0c6e174d9""]","[""com.strava.stravaride""]"
cluster-0456,c3a75670-7ea9-4ff3-b2b1-66472744fabd,run,source_precedence_policy,source_precedence_policy,"[""2022-10-25""]",2069,2ded5b29-e849-4137-ae5f-b0e93166dc4c,com.garmin.connect.mobile,[2070],"[""8f5c8e1e-40dc-496a-ae2a-fc79e0915d91""]","[""com.strava.stravaride""]"
cluster-0457,c3a75670-7ea9-4ff3-b2b1-66472744fabd,run,source_precedence_policy,source_precedence_policy,"[""2022-10-29""]",2082,f734f516-8690-4b68-9688-6fecefb16168,com.garmin.connect.mobile,[2081],"[""a544ee7b-cbe4-42fd-8106-9898729d03da""]","[""com.strava.stravaride""]"
cluster-0460,c3a75670-7ea9-4ff3-b2b1-66472744fabd,run,source_precedence_policy,source_precedence_policy,"[""2022-12-12""]",2137,20e4e8fe-2b61-4342-bd77-93c7cc3554a1,com.rungap.RunGap,[2138],"[""73a2bfda-a85c-4093-a9b4-862d68b381b9""]","[""com.strava.stravaride""]"
cluster-0461,c3a75670-7ea9-4ff3-b2b1-66472744fabd,run,source_precedence_policy,source_precedence_policy,"[""2022-12-18""]",2141,0fdb0cae-3367-44a5-8115-f698a6396af5,com.rungap.RunGap,[2142],"[""7d6bbc47-d595-475d-8f65-71e212d18ab4""]","[""com.strava.stravaride""]"
cluster-0462,c3a75670-7ea9-4ff3-b2b1-66472744fabd,run,source_precedence_policy,source_precedence_policy,"[""2022-12-20""]",2143,3b113863-fb76-4afe-af78-6e2f9ca92366,com.rungap.RunGap,[2144],"[""af69c68f-4517-4dbe-92a5-ce3162532463""]","[""com.strava.stravaride""]"
cluster-0465,c3a75670-7ea9-4ff3-b2b1-66472744fabd,run,source_precedence_policy,source_precedence_policy,"[""2022-12-26""]",2151,6f9024f1-39ae-4479-b915-c773f3030eaf,com.rungap.RunGap,[2152],"[""50ce49fa-4f4c-47fb-9a49-9170409f4183""]","[""com.strava.stravaride""]"
cluster-0469,c3a75670-7ea9-4ff3-b2b1-66472744fabd,run,source_precedence_policy,source_precedence_policy,"[""2023-01-09""]",2173,4ff45eea-3c74-4378-a3ac-daef0c974e91,com.rungap.RunGap,[2174],"[""9638a311-07ec-4027-9e80-0f57ece4f12d""]","[""com.strava.stravaride""]"
cluster-0470,c3a75670-7ea9-4ff3-b2b1-66472744fabd,run,source_precedence_policy,source_precedence_policy,"[""2023-01-12""]",2178,3b741419-a89d-4849-9f63-4e8453224bf1,com.rungap.RunGap,[2179],"[""2a7f356a-9bf6-4b30-81d9-4dbae6303d40""]","[""com.strava.stravaride""]"
cluster-0471,c3a75670-7ea9-4ff3-b2b1-66472744fabd,run,source_precedence_policy,source_precedence_policy,"[""2023-01-15""]",2183,b357c339-2d79-4ef0-a231-753c07309375,com.rungap.RunGap,[2184],"[""4209aef6-845f-46e7-8867-ee643505acf5""]","[""com.strava.stravaride""]"
cluster-0472,c3a75670-7ea9-4ff3-b2b1-66472744fabd,run,source_precedence_policy,source_precedence_policy,"[""2023-01-16""]",2185,5c985070-a9d4-4ef0-8ee7-e3a763585dca,com.rungap.RunGap,[2186],"[""f68c2600-2dd5-4ab6-9078-143906e74200""]","[""com.strava.stravaride""]"
cluster-0473,c3a75670-7ea9-4ff3-b2b1-66472744fabd,run,source_precedence_policy,source_precedence_policy,"[""2023-05-06""]",2289,4c660015-c517-4119-9eb0-b1eb6c2a6be2,com.rungap.RunGap,[2290],"[""99895a71-8e27-4d7e-b73c-54d8d288eef2""]","[""com.strava.stravaride""]"
cluster-0474,c3a75670-7ea9-4ff3-b2b1-66472744fabd,run,source_precedence_policy,source_precedence_policy,"[""2023-05-09""]",2293,8f652421-65de-4654-b1e8-e2bf8ea6baae,com.rungap.RunGap,[2294],"[""a0c5d411-7f74-499b-8867-57ed98b21a72""]","[""com.strava.stravaride""]"
cluster-0478,c3a75670-7ea9-4ff3-b2b1-66472744fabd,run,source_precedence_policy,source_precedence_policy,"[""2023-05-18""]",2311,8104daf2-1170-4099-8864-ec3792ca8d49,com.rungap.RunGap,[2312],"[""bc2559b1-04b3-434f-b647-d9d36d822cc0""]","[""com.strava.stravaride""]"
cluster-0480,c3a75670-7ea9-4ff3-b2b1-66472744fabd,run,source_precedence_policy,source_precedence_policy,"[""2023-05-30""]",2324,7192b6b4-3d2b-488b-935c-f4cd8449b07e,com.rungap.RunGap,[2325],"[""efeeb0a6-34b9-4f34-b038-d4b0a6e15b4f""]","[""com.strava.stravaride""]"
cluster-0481,c3a75670-7ea9-4ff3-b2b1-66472744fabd,run,source_precedence_policy,source_precedence_policy,"[""2023-06-08""]",2338,3cbd5f3c-53f7-49c7-aaa5-2bfc196a81e3,com.rungap.RunGap,[2339],"[""a18ca4e6-8cdb-45ce-8fc7-612f60a301e8""]","[""com.strava.stravaride""]"
cluster-0482,c3a75670-7ea9-4ff3-b2b1-66472744fabd,run,source_precedence_policy,source_precedence_policy,"[""2023-06-10""]",2341,2962542a-0d60-471d-8ad3-10f6a1eb058d,com.rungap.RunGap,[2342],"[""7ea8197f-72f6-41c3-9600-16a8cb7d4890""]","[""com.strava.stravaride""]"
cluster-0485,c3a75670-7ea9-4ff3-b2b1-66472744fabd,run,source_precedence_policy,source_precedence_policy,"[""2023-07-09""]",2387,92479829-f16e-4e3f-b282-2f0ba9c46f78,com.rungap.RunGap,[2388],"[""f0da4ffc-2cd9-41d5-b16a-1cb9d7f469bd""]","[""com.strava.stravaride""]"
cluster-0488,c3a75670-7ea9-4ff3-b2b1-66472744fabd,run,source_precedence_policy,source_precedence_policy,"[""2023-07-15""]",2402,2fc4d7c9-7b42-47af-b186-36510f6145a8,com.rungap.RunGap,[2403],"[""2b6d0b9d-2e6a-4845-9894-9d169527c826""]","[""com.strava.stravaride""]"
cluster-0494,c3a75670-7ea9-4ff3-b2b1-66472744fabd,run,source_precedence_policy,source_precedence_policy,"[""2023-08-08""]",2439,bfbb69ca-7228-483c-b187-3375f80cf85c,com.rungap.RunGap,[2440],"[""7a17323b-007a-4e22-a51d-d32c5343d01a""]","[""com.strava.stravaride""]"
cluster-0495,c3a75670-7ea9-4ff3-b2b1-66472744fabd,run,source_precedence_policy,source_precedence_policy,"[""2023-08-10""]",2443,7ba4c362-f328-483d-93d8-beb0f47eec99,com.rungap.RunGap,[2444],"[""c7345263-9c3e-4c0c-9109-a7e6628f49f0""]","[""com.strava.stravaride""]"
cluster-0499,c3a75670-7ea9-4ff3-b2b1-66472744fabd,run,source_precedence_policy,source_precedence_policy,"[""2023-09-05""]",2489,4fdc013c-37ac-404a-9906-6113bf3da2fd,com.rungap.RunGap,[2490],"[""e0c58a2e-c219-4b5b-83da-60ff38b1abf6""]","[""com.strava.stravaride""]"
cluster-0500,c3a75670-7ea9-4ff3-b2b1-66472744fabd,run,source_precedence_policy,source_precedence_policy,"[""2023-09-07""]",2494,764bad67-8df6-4d47-9541-9b9a1be23345,com.rungap.RunGap,[2495],"[""d3ae6804-56cb-4c0c-9207-76b43cde51e6""]","[""com.strava.stravaride""]"
cluster-0502,c3a75670-7ea9-4ff3-b2b1-66472744fabd,run,source_precedence_policy,source_precedence_policy,"[""2023-09-10""]",2501,0f7b1787-9735-4569-bd94-5b928acf775a,com.rungap.RunGap,[2502],"[""75b39a04-fb37-4b5d-983c-0cb3ea0f4962""]","[""com.strava.stravaride""]"
cluster-0505,c3a75670-7ea9-4ff3-b2b1-66472744fabd,run,source_precedence_policy,source_precedence_policy,"[""2023-10-17""]",2543,d44cf105-328e-4d5b-bb67-6f6667dfb0f1,com.rungap.RunGap,[2544],"[""341a375e-b0b6-431a-b4e2-6dea0a4884ef""]","[""com.strava.stravaride""]"
cluster-0507,c3a75670-7ea9-4ff3-b2b1-66472744fabd,run,source_precedence_policy,source_precedence_policy,"[""2023-10-24""]",2551,236f4e39-ac2d-413e-ac70-206276b14531,com.rungap.RunGap,[2552],"[""fab9f272-51d8-4662-af65-3890d9bf4fd6""]","[""com.strava.stravaride""]"
cluster-0508,c3a75670-7ea9-4ff3-b2b1-66472744fabd,run,source_precedence_policy,source_precedence_policy,"[""2023-10-29""]",2555,f2af1ca1-462b-46f5-8700-b4ae906bee78,com.rungap.RunGap,[2556],"[""c57d99b0-6422-4ea4-80a8-035376978332""]","[""com.strava.stravaride""]"
cluster-0509,c3a75670-7ea9-4ff3-b2b1-66472744fabd,run,source_precedence_policy,source_precedence_policy,"[""2023-11-04""]",2561,4e74b199-163a-4675-9af0-646cf59efb9f,com.rungap.RunGap,[2562],"[""1752a9d8-4d44-47d5-8c9d-515de7a4fb86""]","[""com.strava.stravaride""]"
cluster-0523,c3a75670-7ea9-4ff3-b2b1-66472744fabd,walk,source_precedence_policy,source_precedence_policy,"[""2021-05-02""]",1436,386c8ac9-6a8f-4789-b7ea-d4933ada14ce,com.garmin.connect.mobile,[1437],"[""a4d9bae9-d277-4ab5-84b6-b9ddd0c2a0d6""]","[""com.strava.stravaride""]"
cluster-0524,c3a75670-7ea9-4ff3-b2b1-66472744fabd,walk,source_precedence_policy,source_precedence_policy,"[""2021-07-10""]",1554,af042e06-ce50-46a5-8e69-27e066239314,com.garmin.connect.mobile,[1555],"[""b88566c4-0cdc-4643-b72a-5db09d68787a""]","[""com.strava.stravaride""]"
cluster-0525,c3a75670-7ea9-4ff3-b2b1-66472744fabd,walk,source_precedence_policy,source_precedence_policy,"[""2021-07-13""]",1561,ca7879ff-5fdd-42f4-b2a1-acbe08a4816c,com.garmin.connect.mobile,[1560],"[""1c2c07ce-b6af-4c19-b53a-cc59752cac94""]","[""com.strava.stravaride""]"
cluster-0526,c3a75670-7ea9-4ff3-b2b1-66472744fabd,walk,source_precedence_policy,source_precedence_policy,"[""2021-09-02""]",1641,9789f5cc-e27d-4d8d-94d1-65350545e5a6,com.garmin.connect.mobile,[1642],"[""f3b8dddf-b52b-40a2-b48e-0d9211519684""]","[""com.strava.stravaride""]"
cluster-0527,c3a75670-7ea9-4ff3-b2b1-66472744fabd,walk,source_precedence_policy,source_precedence_policy,"[""2021-10-10""]",1705,7aefaf3b-2a19-4e30-840f-8ddeaa51f358,com.garmin.connect.mobile,[1706],"[""c063b4c9-b25f-4d5b-a87b-210a6007588c""]","[""com.strava.stravaride""]"
